scenario,planner,replan_policy,prediction_horizon_ms,replan_period_ms,backend,physics_validation_passes,runs,scenario_count,completed_runs,completion_rate,failed_plans,collision_episodes,collision_free_rate,planner_calls_mean,replans_mean,replan_failures,planning_time_ms_median,planning_time_ms_p95,planning_time_ms_mean,call_time_ms_median,call_time_ms_max,time_to_goal_ms_mean,simulated_duration_ms_mean,wall_time_ms_mean,realtime_factor_mean,planned_path_length_mm_mean,travelled_distance_mm_mean,mean_final_error_mm,minimum_clearance_mm,near_miss_free_rate,call_time_ms_p95_median,planning_ms_per_sim_s_mean,collision_probability,collision_probability_ci95,contact_time_ms_mean,rebuild_share_of_planning_time,check_call_ms_mean,rebuild_call_ms_mean,replans_active_blocked_mean,replans_route_finished_mean,replans_route_blocked_mean,direct_path_switches_mean,path_shift_mm_mean,heading_change_rad_per_m_mean,sharp_turns_mean,path_efficiency_mean
random,voronoi,once,0.0,20.0,kinematic,0,200,200,196,0.98,4,611,0.075,6.0,0.0,0,8.625622000408839,13.940924000507948,7.700153054961447,1.4376036667348064,13.043602999914583,6195.5102040815855,6168.999999999953,45.90151557501031,136.32577061600603,26721.31314210343,26060.723433006784,74.50725129373537,-178.45904096242788,0.055,4.3887405001896695,1.2145130677827107,0.925,0.880-0.954,699.1000000000003,0.9889423886260313,4.257265000092048,1.2734126680534459,0.0,0.0,0.0,0.0,0.0,0.19183131231757894,0.49,0.934384994727605
random,voronoi,cycle,0.0,20.0,kinematic,0,200,200,196,0.98,4,228,0.525,708.695,86.39,495,311.93488900180455,1046.2792009952864,391.7532909204806,0.4702684164250579,16.937189000145736,3143.6734693877556,3144.7000000000007,460.7876101850002,9.045957464193906,26721.31314210343,25326.13314248334,74.52700492430624,-173.9139809911082,0.17,4.300713500242637,117.02210340710087,0.475,0.407-0.544,175.99999999999991,0.9244918789684414,0.04799505927122094,3.92089137182143,0.0,0.0,0.0,8.795,101.48267833483897,1.2038464181705273,6.855,0.959080381042047
random,voronoi,cycle,0.0,100.0,kinematic,0,200,200,196,0.98,4,209,0.43,145.335,16.865,105,70.82632799892963,187.50269699830824,80.82852498009288,0.4973182400579803,12.441749000117852,3150.30612244898,3150.2000000000007,110.25263525999435,34.3344354271808,26721.31314210343,25443.943747623205,74.54308181348333,-172.85732940191187,0.22,4.311944999699335,24.25537484080131,0.5700000000000001,0.501-0.637,169.5,0.9249236671513335,0.04954126251181496,3.272497952944656,0.0,0.0,0.0,5.9,251.66944583236932,0.7044850381102747,4.12,0.9549210914473444
random,voronoi,cycle+pred50,50.0,20.0,kinematic,0,200,200,196,0.98,4,58,0.765,743.045,126.93,797,504.5906409939107,1215.8810409987382,552.9035813501855,0.7019482665331775,25.180076000197005,3454.591836734693,3448.6999999999994,628.8610533050178,6.80928929350568,26993.850779997894,25965.097429250673,74.52046291437006,-173.55131655967963,0.405,4.362563999848135,152.25489396688346,0.235,0.182-0.298,97.0999999999997,0.9351270825692584,0.058787757430884165,3.8901144606883844,0.0,0.0,0.0,10.245,83.98289424819158,1.5749754784908032,9.415,0.9369784146481109
random,voronoi,cycle+pred50,50.0,100.0,kinematic,0,200,200,196,0.98,4,92,0.64,152.285,25.16,163,105.54345300170098,251.05367599644524,114.95985842525897,0.7133035826299536,9.738897000261204,3477.4489795918357,3473.099999999999,147.33855802500102,27.617666054576194,26993.850779997894,26084.86395633715,74.50354529721395,-172.85732940191187,0.42,4.364169499922355,31.558115977469114,0.36,0.297-0.429,135.60000000000002,0.9349032651679292,0.061773176113264966,3.4513920040146915,0.0,0.0,0.0,6.785,232.01252866967405,0.9240124572926922,5.88,0.9328328340896515
random,voronoi,cycle+pred150,150.0,20.0,kinematic,0,200,200,191,0.955,9,39,0.84,819.3,208.635,1763,773.9656354981435,1503.5042899999098,790.8340208449522,0.941376945157474,23.075595000136673,3941.047120418844,3924.999999999996,880.1418951900087,5.500750240282137,27344.811413851337,27577.32699262886,88.08370660711384,-172.84734873838002,0.67,4.467410499955804,193.45460895078705,0.16000000000000003,0.116-0.217,67.59999999999943,0.9268576326822484,0.0956548964627927,3.4157721627519297,0.0,0.0,0.0,17.94,100.47969312647145,3.379179492790361,24.545,0.8872143932875697
random,voronoi,cycle+pred150,150.0,100.0,kinematic,0,200,200,191,0.955,9,84,0.69,169.435,42.69,350,160.6239930022184,302.52319499686564,167.57923649014404,0.9560621762770256,24.662093999722856,4036.963350785334,4019.9999999999936,205.9133224100151,22.738811290623804,27344.811413851337,27854.801369019515,88.03966534931082,-174.8531933890576,0.545,4.473616000041147,40.10964121850281,0.31000000000000005,0.250-0.377,108.1,0.9298673377663206,0.09729926310241835,3.2033396751979217,0.0,0.0,0.0,10.245,239.0736669792247,1.76060004153274,13.625,0.8769995209254899
random,voronoi,event,0.0,20.0,kinematic,0,200,200,196,0.98,4,160,0.495,737.92,10.825,294,63.08182199541079,124.8463289944084,69.0841834494131,0.08728871239455196,12.541730000066309,3431.326530612244,3430.799999999999,146.53024568999172,24.003935749285628,26721.31314210343,25401.027628141655,74.50795075164295,-172.85732940191176,0.175,0.052720999974553706,20.21110633738824,0.505,0.436-0.574,156.9999999999998,0.5664370223551493,0.04153615482203347,2.3285831100816687,10.59,0.0,0.225,7.54,363.68529495363697,0.6955433090377393,3.89,0.9566216222296863
random,voronoi,event,0.0,100.0,kinematic,0,200,200,196,0.98,4,239,0.37,151.11,6.085,77,30.62108099766192,54.9287550002191,31.830629330197553,0.19657689651127608,13.758842999777698,3526.122448979589,3524.399999999997,65.48489675999008,55.47255107709547,26721.31314210343,25398.279376487935,74.50282264864207,-172.85732940191187,0.175,0.06287199994403636,9.081075437535553,0.63,0.561-0.694,228.2,0.8033006919173926,0.04502903926846565,2.119317576884687,6.025,0.0,0.055,5.665,350.4098786845389,0.5713691191862789,3.595,0.9566603800044738
random,voronoi,event+pred50,50.0,20.0,kinematic,0,200,200,196,0.98,4,76,0.69,782.94,21.195,440,78.51712000115185,148.30937699525748,85.84048997475293,0.1032479052980129,20.63168000040605,3851.3265306122394,3840.3999999999946,170.82622304999404,23.211085833327907,26993.850779997894,26029.442422448246,74.52819422829093,-175.4103057635415,0.325,0.05419249987426156,22.85233605588464,0.31000000000000005,0.250-0.377,122.89999999999965,0.5981420815514596,0.04564339526156545,1.8894134077238607,19.435,0.0,1.565,9.2,270.4196988844171,0.9536592482349956,5.59,0.9345207765223289
random,voronoi,event+pred50,50.0,100.0,kinematic,0,200,200,196,0.98,4,115,0.58,160.165,8.485,113,36.11006899814129,68.46894899535982,39.86403124994695,0.23886691101440882,12.765201999627607,3944.4897959183595,3932.6999999999916,76.72072543998411,52.98539124972796,26993.850779997894,26180.994617106608,74.49351921528537,-177.64371923534372,0.36,0.07779600014146126,10.33360609216277,0.42000000000000004,0.354-0.489,177.20000000000005,0.8139812271232084,0.05089538898446947,2.2432473608648285,7.945,0.0,0.42,6.405,358.69750524407806,0.7065365285856263,4.705,0.9308404124498325
random,voronoi,event+pred150,150.0,20.0,kinematic,0,200,200,191,0.955,9,64,0.74,901.035,64.57,1003,128.2112524988861,288.1681520007078,142.63954747504158,0.13483178236643376,16.01558800030034,4985.863874345528,4946.699999999978,247.53536730000857,21.16482293747372,27344.811413851337,27982.534473484542,87.97149022420965,-176.25806146144146,0.495,0.06088850000196544,29.585997488363745,0.26,0.204-0.325,114.79999999999835,0.6484262041088709,0.06038256872282488,1.3114671439212802,57.69,0.0,6.15,15.14,148.03668017680715,2.0150980406995376,14.88,0.8763538983964938
random,voronoi,event+pred150,150.0,100.0,kinematic,0,200,200,191,0.955,9,89,0.68,180.98,20.72,237,55.17474299972491,120.80624800000805,61.23919980997016,0.31535695324611634,14.171194000027754,4698.42931937171,4672.499999999983,105.32039118999364,47.133149685678035,27344.811413851337,27836.90688860521,88.08271285692365,-179.49286605990815,0.49,4.297556499977873,13.281524305529574,0.31999999999999995,0.259-0.388,117.10000000000002,0.8239375503203593,0.06987410346368773,1.8915567488287095,18.075,0.0,2.185,9.64,272.97563159046445,1.3928146895578521,10.94,0.8788716104019074
random,prm,once,0.0,20.0,kinematic,0,200,200,181,0.905,19,458,0.135,6.0,0.0,0,12.656541999831461,21.80559699991136,11.448641530030272,2.109423666638577,15.404907000174717,4245.856353591151,4218.49999999999,37.562876635020075,116.62337853601224,25156.48849039393,24679.487877055202,125.88021155094708,-177.1092750116747,0.1,7.010871499915083,2.6396383029974375,0.865,0.811-0.906,435.50000000000017,0.9987689574381784,0.1483554210369077,1.9364179110976742,0.0,0.0,0.0,0.0,0.0,0.08526891256627091,0.31,0.9861640865575336
random,prm,cycle,0.0,20.0,kinematic,0,200,200,181,0.905,19,128,0.54,676.0,62.375,3543,470.82864749609143,1045.222221999211,523.4919604249308,0.6833740916605633,25.177086999974563,2913.9226519337035,2914.400000000002,590.5635238700097,6.149994582581348,25156.48849039393,24691.166686906236,125.91026304943786,-172.85732940191176,0.17,6.589494999843737,172.99767163852098,0.45999999999999996,0.392-0.529,159.40000000000003,0.8366704755589833,0.14069257708303057,6.41462020328107,0.0,0.0,0.0,6.445,90.09489606818211,0.752242195563103,4.285,0.9855403505181931
random,prm,cycle,0.0,100.0,kinematic,0,200,200,181,0.905,19,202,0.4,137.145,10.74,878,89.1346199985037,212.441214998762,102.26074739013256,0.6586540766238221,23.370100000192906,2897.569060773482,2899.800000000001,130.2550532250143,26.171727784835205,25156.48849039393,24630.482860760832,125.88687796131937,-176.91467890216379,0.205,6.616334000227653,33.97970429563709,0.6,0.531-0.665,196.1,0.8351805157379799,0.13987189746962958,5.131041378494575,0.0,0.0,0.0,4.515,231.40561863952993,0.3805464181356139,1.99,0.9885515309575994
random,prm,cycle+pred50,50.0,20.0,kinematic,0,200,200,181,0.905,19,84,0.67,695.97,88.205,6773,657.20785499866,1352.507965001223,684.7357593595211,0.9180183336470984,31.041170000207785,3101.4364640883996,3098.1000000000017,755.6204002149934,5.015053926630831,25438.479940565947,25631.121696389502,125.86580996985855,-177.44751943707615,0.37,6.5738455000428075,212.40014160747307,0.32999999999999996,0.269-0.398,116.90000000000002,0.8784070988096162,0.13833617042057142,6.391209773989974,0.0,0.0,0.0,7.35,93.25656918418612,1.023226081244056,6.7,0.9531422656166788
random,prm,cycle+pred50,50.0,100.0,kinematic,0,200,200,181,0.905,19,127,0.55,141.605,16.06,1465,131.52193100063414,267.5236809991475,137.11226970490543,0.9017555455912019,20.84802800027319,3083.7569060773494,3083.800000000001,166.78019321002242,21.636722751914974,25438.479940565947,25576.359755634996,125.901631600511,-172.85732940191187,0.375,6.611677999899257,42.96491700076541,0.44999999999999996,0.383-0.519,156.60000000000002,0.8779696551517279,0.13985170139601225,5.480555982239314,0.0,0.0,0.0,4.83,256.9623432036718,0.5622990092873648,3.59,0.95429077233999
random,prm,cycle+pred150,150.0,20.0,kinematic,0,200,200,146,0.73,57,109,0.615,710.505,106.015,18721,691.9279315020503,1610.0848999958544,790.0410881446146,1.003984110151944,31.495230000018637,3536.301369863013,3423.7999999999993,865.3835209749695,5.008758908667278,25382.321427394603,26658.239102673997,235.6839406433659,-177.92842296452812,0.445,6.162374000041382,219.1156527340564,0.385,0.320-0.454,144.79999999999995,0.8885891159134984,0.14699874927118486,6.283199785641825,0.0,0.0,0.0,7.12,116.16255487753648,1.336336149723345,10.09,0.9322679264932464
random,prm,cycle+pred150,150.0,100.0,kinematic,0,200,200,146,0.73,57,136,0.535,144.445,20.465,3477,148.27698900217,376.69869299497805,165.15513068025254,1.0370811500513764,30.953173999932915,3512.739726027396,3425.9999999999995,197.54477225501887,20.92546366098676,25382.321427394603,26526.031975294467,235.70572361968698,-176.91467890216379,0.405,6.294496000009531,45.86182769803209,0.46499999999999997,0.397-0.534,185.30000000000004,0.8970433211786248,0.1437773115050862,5.6589498447327555,0.0,0.0,0.0,4.405,264.90410351056374,0.6600123371412998,4.82,0.9341954941577215
random,prm,event,0.0,20.0,kinematic,0,200,200,181,0.905,19,128,0.555,693.765,6.975,2680,66.8123195030148,134.41651700668444,72.79481861037084,0.09297142424691682,19.982867000180704,3123.425414364642,3132.5000000000005,142.68229554499385,23.148192895462433,25156.48849039393,24904.26527856658,125.8903191761072,-172.85732940191176,0.145,0.03177899998263456,23.014009955872833,0.44499999999999995,0.378-0.514,163.00000000000003,0.8221195434984548,0.019017566204806886,4.646431913432523,6.96,0.0,0.005,6.58,367.1140939821635,0.5321111098142604,2.93,0.978434649214766
random,prm,event,0.0,100.0,kinematic,0,200,200,181,0.905,19,209,0.385,140.415,3.985,834,40.57783149892202,75.48910800369413,41.67431394994537,0.28212471936112454,18.410154999855877,3131.049723756906,3122.1,71.17001534499195,47.149821826636405,25156.48849039393,24810.294694161108,125.89345668782505,-176.91467890216379,0.18,0.07082449997142248,13.222625596520928,0.615,0.546-0.680,227.40000000000003,0.9374328512496646,0.019976579199191033,3.950138619815062,3.91,0.0,0.045,4.58,372.6193217029285,0.3319160214388234,1.735,0.9823121847398296
random,prm,event+pred50,50.0,20.0,kinematic,0,200,200,181,0.905,19,97,0.65,738.655,8.525,4673,79.255087997808,155.2401610074412,83.53421463977611,0.10564996001369131,26.511154999752762,3583.5359116022073,3571.5999999999976,159.58791220000194,23.321115170417816,25438.479940565947,26276.612197130817,125.89788922930252,-177.92842296452812,0.35,0.0431539999681263,23.3809472963922,0.35,0.287-0.418,139.59999999999982,0.8271167100565573,0.019940860712853305,4.78811814206583,8.255,0.0,0.14,7.23,408.10207242823196,0.6407215442346568,4.04,0.9332434637688612
random,prm,event+pred50,50.0,100.0,kinematic,0,200,200,181,0.905,19,130,0.555,148.705,5.2,1151,48.77684200232579,89.04378700026427,50.16381895008635,0.3232872722155325,22.873894999975164,3495.0276243093904,3507.0999999999976,82.94577577999462,45.29753896445548,25438.479940565947,26180.041491036984,125.88778690030864,-177.9284229645285,0.33,0.10064000002785178,14.152436848072785,0.44499999999999995,0.378-0.514,165.50000000000003,0.9418262371927566,0.021207980415027805,4.25444402025921,4.975,0.0,0.12,4.865,423.9715409948323,0.44340279015553513,2.92,0.9361249953942762
random,prm,event+pred150,150.0,20.0,kinematic,0,200,200,146,0.73,57,122,0.585,760.235,8.435,13126,84.73069650449361,172.08187999995062,90.67102052027167,0.10791732716000366,33.34783900027105,4194.657534246566,4077.0999999999917,172.03908086999036,24.92977831304713,25382.321427394603,27010.348700435992,235.6826853370168,-176.91467890216325,0.435,0.0636314998700982,22.453177237705507,0.41500000000000004,0.349-0.484,177.29999999999941,0.768957714768748,0.028078355395502273,4.927362596114372,7.63,0.0,0.42,6.465,411.1758160519705,0.5953449031932364,4.185,0.9204017405488569
random,prm,event+pred150,150.0,100.0,kinematic,0,200,200,146,0.73,57,156,0.485,153.26,4.995,2792,48.18780349955887,92.92849399980696,49.98624311537924,0.3108203672937744,28.900243999942177,4061.9178082191693,3959.6999999999925,86.106776645006,48.49125953532344,25382.321427394603,27122.933569541496,235.67554848641132,-177.34307885109808,0.38,0.09920999991663848,12.66460031556784,0.515,0.446-0.583,210.80000000000004,0.9106237558184711,0.031340460683250825,4.25010835153892,4.51,0.0,0.25,4.375,444.40128318486626,0.429566768239377,3.15,0.9188973066713898
random,visibility,once,0.0,20.0,kinematic,0,200,200,181,0.905,19,441,0.145,6.0,0.0,0,21.801727500132984,36.95317799974873,19.64592576500081,3.633621250022164,33.34046700001636,3476.3535911602216,3446.700000000001,41.29385078000723,91.62056084848072,23833.15170086312,23480.723886905,125.880518560097,-177.1092750116747,0.1,12.010070500082293,5.514943938549145,0.855,0.800-0.897,379.70000000000016,0.9996129777698024,0.08003589477754615,3.3257108137166713,0.0,0.0,0.0,0.0,0.0,0.013357605039267844,0.0,1.0342331549833652
random,visibility,cycle,0.0,20.0,kinematic,0,200,200,181,0.905,19,210,0.385,690.975,89.0,4510,862.2292394989017,2686.7414339926654,1084.1664717444269,1.2670506766297207,39.363917999708065,3161.546961325966,3150.9999999999995,1153.1256116050054,4.375699806698357,23833.15170086312,23524.415213650856,125.9180274279659,-176.11309355755066,0.17,11.515884000118604,315.2612801733639,0.615,0.546-0.680,266.2,0.9667288440893184,0.06051549602318929,11.04362257025325,0.0,0.0,0.0,4.35,22.152076442846152,0.1933180827337518,0.145,1.0323689738932973
random,visibility,cycle,0.0,100.0,kinematic,0,200,200,181,0.905,19,248,0.325,140.215,16.225,973,173.67438100109212,546.2113559951831,214.98469689477358,1.2912696983812748,29.243606999898475,3156.132596685082,3147.699999999999,244.28773676499077,18.993605407493497,23833.15170086312,23516.723118807804,125.87106820260513,-179.84787525550792,0.185,11.58771750010601,62.815870705069386,0.675,0.607-0.736,287.00000000000006,0.9669477044531793,0.0601747702062894,9.39353633777514,0.0,0.0,0.0,3.755,45.61586290184309,0.11688500181043779,0.035,1.0326921198936645
random,visibility,cycle+pred50,50.0,20.0,kinematic,0,200,200,181,0.905,19,183,0.435,707.455,112.745,8317,1082.9914745102087,2874.615159994846,1297.432029279571,1.56460769770274,66.3154079998094,3268.287292817679,3274.6999999999994,1369.120681660013,3.477236750747506,23840.328454831702,23590.97871423571,125.89464984542582,-176.27566077788504,0.265,11.087967000321441,369.17726380518764,0.565,0.496-0.632,245.39999999999992,0.9729480926339377,0.05960888761106532,10.639140482172253,0.0,0.0,0.0,4.565,29.35294987458759,0.29301974229676797,0.355,1.0295772249944526
random,visibility,cycle+pred50,50.0,100.0,kinematic,0,200,200,181,0.905,19,209,0.39,143.745,20.605,1726,233.59684050001306,549.3168069988315,255.25358116007513,1.6419693618742373,39.45181600010983,3228.0662983425414,3238.6999999999994,285.4649347650138,15.28132450655559,23840.328454831702,23580.611890054468,125.90208860732912,-179.6642244534561,0.225,11.174416500125517,74.07609912144795,0.61,0.541-0.675,257.7,0.9725050840300887,0.05986416825193208,9.363840263864954,0.0,0.0,0.0,3.945,79.37893445738884,0.19409167146676062,0.14,1.030009175983139
random,visibility,cycle+pred150,150.0,20.0,kinematic,0,200,200,146,0.73,57,186,0.41,721.615,126.7,20543,1125.0112814987006,2969.6523579914356,1321.8774944751249,1.6282228869425555,45.88111800012484,3646.575342465751,3553.2999999999984,1397.029711560008,3.5981881072367186,23198.13459348327,23299.462105464125,235.6779176223162,-176.91467890216325,0.205,10.160843499988914,348.55334165768363,0.5900000000000001,0.521-0.656,261.49999999999994,0.9739051176910821,0.05854419152263306,9.722337022467164,0.0,0.0,0.0,4.38,40.83871045603381,0.48178091559129577,1.245,1.0511670468133487
random,visibility,cycle+pred150,150.0,100.0,kinematic,0,200,200,146,0.73,57,221,0.365,146.98,24.47,3917,241.75240149929778,621.273557997938,274.4561635952641,1.6793778259039462,32.61993199976132,3622.328767123285,3557.5999999999976,307.22587718000796,15.47731238735224,23198.13459348327,23231.955694370325,235.663519073863,-176.91467890216379,0.205,10.272380499827705,72.69894749941227,0.635,0.566-0.699,289.3,0.9747608333170555,0.05930942985694901,8.862982234060686,0.0,0.0,0.0,3.535,115.21624348557269,0.31010389688922463,0.62,1.053619108670879
random,visibility,event,0.0,20.0,kinematic,0,200,200,181,0.905,19,200,0.395,696.675,20.89,3899,241.09147049989588,617.7630449992648,276.745186324963,0.3439368600341066,28.792367999812996,3240.2209944751366,3233.099999999999,347.65194491499193,11.590634994292591,23833.15170086312,23521.349796606988,125.87923385214528,-179.12939818609112,0.18,0.05171249995328253,83.76903513875907,0.605,0.536-0.670,261.2,0.9535257190719688,0.019199757471109365,9.848242313499394,20.805,0.0,0.03,4.495,47.15316847846373,0.157558756801898,0.14,1.0325446176258226
random,visibility,event,0.0,100.0,kinematic,0,200,200,181,0.905,19,238,0.33,140.255,7.21,838,87.00828750033907,236.52076700500402,105.49687977025997,0.6405575425170933,20.710501999928965,3116.685082872928,3120.2,134.88840981498925,28.82529710012502,23833.15170086312,23509.458618535024,125.879994048636,-179.84787525550792,0.185,10.442882999996073,32.78530125322722,0.6699999999999999,0.602-0.731,267.1,0.9764696758751663,0.019524742607777503,7.854708653839659,7.175,0.0,0.02,3.81,58.14286999767205,0.10237979053028154,0.05,1.033045096753137
random,visibility,event+pred50,50.0,20.0,kinematic,0,200,200,181,0.905,19,180,0.42,719.92,22.245,6846,249.62353150272065,546.4368970046962,281.56005915960804,0.3341492812058057,32.66090899978735,3438.121546961324,3435.599999999998,355.4074292750306,11.774122365584198,23840.328454831702,23608.205855434848,125.91777429822301,-175.12186582767728,0.245,0.05741050017604721,78.88818494024687,0.5800000000000001,0.511-0.646,246.8999999999999,0.9501824070985111,0.02027645663230895,9.50385132344851,21.95,0.0,0.175,4.56,69.61170421032892,0.2145170863483213,0.22,1.028845806755961
random,visibility,event+pred50,50.0,100.0,kinematic,0,200,200,181,0.905,19,209,0.4,146.075,8.88,1527,109.30036750301042,261.20945899901926,121.85397074498269,0.7232207564412464,27.094420000139507,3358.67403314917,3357.099999999999,153.46908489997986,26.527240044486277,23840.328454831702,23586.1956365405,125.90755655351617,-176.88676865839543,0.24,10.525829000016529,35.35417674360512,0.6,0.531-0.665,271.50000000000006,0.9766868747687721,0.021637572396223274,8.049589033823642,8.685,0.0,0.135,3.98,103.67449977937272,0.16513353523692845,0.065,1.0298121454634437
random,visibility,event+pred150,150.0,20.0,kinematic,0,200,200,146,0.73,57,204,0.38,750.53,17.595,17344,195.10746700211712,439.12679200275306,216.2977629345846,0.25408598486000145,34.65807200018389,4023.4246575342404,3898.899999999994,295.6585919699842,15.19074912521094,23198.13459348327,23408.812698771515,235.69469816936825,-176.91467890216325,0.215,0.060847499980809516,54.61159435212539,0.62,0.551-0.684,288.4999999999997,0.9205147890282883,0.02364136481335039,8.541625466109819,16.785,0.0,0.49,4.365,124.97547657051136,0.3142524456641322,0.765,1.0463981005203111
random,visibility,event+pred150,150.0,100.0,kinematic,0,200,200,146,0.73,57,223,0.36,149.54,8.32,3327,101.24539199910032,235.07462099632903,109.1437180103253,0.6861888659344788,31.09212099980141,3814.6575342465712,3720.1999999999966,143.42321864998667,30.75539568989831,23198.13459348327,23300.79301109148,235.6561964404079,-176.91467890216379,0.215,9.423714499916969,28.654878932482752,0.64,0.571-0.703,308.50000000000006,0.969762273766432,0.02435524788981926,7.541393669042774,7.745,0.0,0.38,3.555,169.64226309468904,0.22826421305659075,0.35,1.0509167051998034
