Planner,Horizon (event @ 20 ms),Collision-free finishes /200,Completed,Strict /C,Buffer-only /C,Physical /C,RR contacts /F,RO contacts /F,Contacts /F,Episodes failed (no route),Robots stopped (replan >100 ms),Initial retries /run,Initial wait ms /run,Replans /run,Escape moves /run,Failed replans /run,Failed replan share,Blocked time %,Avg route alive ms,Longest route alive ms,Min replan ms (successful),Mean replan ms (successful),P95 replan ms (successful),Max replan ms (successful)
Voronoi,0 ms,95/200,200/200,46/200,49/200,105/200,0.21,0.81,1.02,0/200,0,0.02,0,7.1,3.7,1.5,17.1%,0.14,606,4240,2.498,7.86,10.29,19.90
Voronoi,20 ms,139/200,200/200,70/200,69/200,61/200,0.00,0.58,0.58,0/200,0,0.02,0,8.4,5.9,1.8,17.8%,0.17,531,5120,3.814,7.44,9.98,13.57
Voronoi,50 ms,138/200,200/200,103/200,35/200,62/200,0.02,0.76,0.78,0/200,0,0.02,0,9.5,11.7,2.2,18.8%,0.20,430,4840,3.816,7.38,9.89,17.28
Voronoi,100 ms,150/200,200/200,129/200,21/200,50/200,0.00,0.94,0.94,0/200,0,0.07,1,13.3,23.3,2.7,16.7%,0.22,307,4860,3.798,7.47,9.96,15.29
PRM,0 ms,145/200,200/200,86/200,59/200,55/200,0.00,0.61,0.61,0/200,0,0.46,9,7.7,5.4,9.9,56.1%,0.92,553,4220,4.637,20.24,30.02,53.74
PRM,20 ms,149/200,198/200,136/198,13/198,49/198,0.02,1.11,1.13,2/200,0,0.48,10,8.2,7.3,12.6,60.8%,1.21,517,3320,5.930,18.59,28.11,59.68
PRM,50 ms,155/200,198/200,137/198,18/198,43/198,0.00,0.95,0.95,2/200,0,0.51,10,9.0,13.4,16.7,65.0%,1.48,427,5280,5.962,18.34,27.97,51.88
PRM,100 ms,151/200,199/200,141/199,10/199,48/199,0.00,1.09,1.09,1/200,0,1.66,33,10.1,33.0,25.3,71.5%,1.97,289,3900,5.296,17.32,27.50,74.54
Visibility Graph,0 ms,139/200,200/200,64/200,75/200,61/200,0.03,0.56,0.59,0/200,0,0.53,10,26.5,8.9,11.6,30.5%,1.09,321,3120,7.982,19.46,25.98,45.75
Visibility Graph,20 ms,139/200,199/200,106/199,33/199,60/199,0.00,0.85,0.85,1/200,0,0.54,11,23.5,12.7,14.5,38.2%,1.36,319,2940,7.461,17.31,24.04,51.10
Visibility Graph,50 ms,143/200,196/200,115/196,28/196,53/196,0.04,0.83,0.86,4/200,0,0.59,12,24.6,21.3,19.9,44.7%,1.88,270,4360,7.144,16.93,23.16,30.52
Visibility Graph,100 ms,151/200,195/200,118/195,33/195,44/195,0.03,0.71,0.74,5/200,0,2.12,43,21.5,38.8,28.2,56.7%,2.48,225,3380,7.208,16.31,22.44,52.68
