scenario,planner,replan_policy,prediction_horizon_ms,replan_period_ms,planning_clearance_mm,backend,physics_validation_passes,runs,scenario_count,completed_runs,completion_rate,failed_plans,collision_episodes,collision_free_rate,planner_calls_mean,replans_mean,replan_failures,planning_time_ms_median,planning_time_ms_p95,planning_time_ms_mean,call_time_ms_median,call_time_ms_max,time_to_goal_ms_mean,simulated_duration_ms_mean,wall_time_ms_mean,realtime_factor_mean,planned_path_length_mm_mean,travelled_distance_mm_mean,mean_final_error_mm,minimum_clearance_mm,near_miss_free_rate,call_time_ms_p95_median,planning_ms_per_sim_s_mean,collision_probability,collision_probability_ci95,contact_time_ms_mean,rebuild_share_of_planning_time,check_call_ms_mean,rebuild_call_ms_mean,replans_active_blocked_mean,replans_route_finished_mean,replans_route_blocked_mean,direct_path_switches_mean,path_shift_mm_mean,heading_change_rad_per_m_mean,sharp_turns_mean,path_efficiency_mean
random,voronoi,once,0.0,20.0,30.0,kinematic,0,200,200,155,0.775,49,310,0.24,6.0,0.0,0,10.431549984787125,36.33940001600422,12.440858998088515,1.7385916641311874,41.097499983152375,6295.612903225756,6140.299999999954,48.58063299929199,149.35535900442358,25769.62394284549,25122.036317943046,231.47537020901552,-176.74322005615355,0.14,5.917300011788029,1.9436695864813327,0.76,0.696-0.814,319.60000000000014,0.9973545636980955,0.13433265314456455,2.156029104790286,0.0,0.0,0.0,0.0,0.0,0.19834444521883865,0.495,0.9780943328540249
random,voronoi,cycle,0.0,20.0,30.0,kinematic,0,200,200,153,0.765,49,204,0.715,696.72,85.395,4799,400.23474992631236,1519.6108999080025,637.875032498705,0.5788275453281169,930.2708999894094,3085.228758169936,3496.800000000001,729.9357470003451,7.931339876531683,25769.62394284549,24361.68559323147,234.8404064718037,-175.6756207271649,0.225,5.4862999968463555,162.57544866320083,0.28500000000000003,0.227-0.351,97.8999999999992,0.9473646281906464,0.05544328401914371,6.629733878170402,0.0,0.0,0.0,5.64,90.34053775978306,1.1245742171847575,7.48,1.0090968493429515
random,voronoi,cycle,0.0,100.0,30.0,kinematic,0,200,200,155,0.775,49,217,0.565,140.945,15.255,708,84.81304993620142,279.67189994524233,113.94265598457423,0.6140501449933223,111.06280001695268,3150.1935483870966,3289.5,148.18140099974698,31.420501619380484,25769.62394284549,24346.352344730323,231.5221811344674,-172.9040719943733,0.295,5.564049999520648,33.30329391918113,0.43500000000000005,0.368-0.504,132.7000000000022,0.9425259668049546,0.05460244292649404,5.111561732136372,0.0,0.0,0.0,4.995,245.71602336577698,0.6878700803458525,4.33,1.0079671436235385
random,voronoi,cycle+pred50,50.0,20.0,30.0,kinematic,0,200,200,154,0.77,49,117,0.88,706.78,101.71,4566,581.0031999426428,1798.0889998871135,723.874711979588,0.8281285779643414,292.6583000080427,3306.753246753247,3417.8000000000006,817.5400089997856,6.0098368379709495,25839.919336205785,24652.63070575766,232.35704268055946,-176.0493060655649,0.375,5.781200001365505,208.67054869219453,0.12,0.082-0.172,73.69999999999919,0.9495477216217099,0.06093811848493495,6.396069264409708,0.0,0.0,0.0,6.715,79.20560036176093,1.2496722352106007,7.435,0.9945196695281916
random,voronoi,cycle+pred50,50.0,100.0,30.0,kinematic,0,200,200,154,0.77,49,116,0.83,145.04,20.68,736,123.83365002460778,429.91709990019444,159.86597800962045,0.8753658490857553,192.61130000813864,3400.5194805194797,3501.2999999999993,197.36585050028225,24.690688997481498,25839.919336205785,24695.16486629117,232.34569366045605,-175.30965673244845,0.515,5.874300004506949,44.17788603088165,0.17000000000000004,0.124-0.228,90.59999999999944,0.9552069108372258,0.06037596228724796,5.776625193967899,0.0,0.0,0.0,5.53,226.9367171896761,0.8287411393422127,5.08,0.9929273370718008
random,voronoi,cycle+pred150,150.0,20.0,30.0,kinematic,0,200,200,156,0.78,48,84,0.925,776.235,173.5,5766,846.7770499337348,3118.733999901451,1116.5018020121352,1.1316761435495404,1557.044399989536,3716.79487179487,3965.7999999999975,1233.4991469990928,4.753580058136354,25996.894206511028,26016.49986290236,233.5150000671904,-174.49449295848967,0.46,6.208499995409511,271.59013090127377,0.07499999999999996,0.046-0.120,55.89999999999912,0.9557617413347644,0.08273729304847692,5.952860127716839,0.0,0.0,0.0,11.845,91.69627217107734,2.6561782255213884,19.09,0.9502381490978452
random,voronoi,cycle+pred150,150.0,100.0,30.0,kinematic,0,200,200,157,0.785,48,91,0.865,157.92,33.085,1032,182.93400001130067,595.6457999127451,231.4339329989889,1.1140525297710226,253.64239999908023,3779.7452229299324,3882.9999999999964,275.0888204988587,19.924831140186743,25996.894206511028,26085.636645468312,232.3484542730139,-172.54264021670912,0.51,6.30194999394007,58.65700808460712,0.135,0.094-0.189,62.99999999999957,0.9547998737032397,0.08785087550627961,5.6885851460439865,0.0,0.0,0.0,7.92,234.02522815920653,1.39574989460588,9.93,0.9458626112688195
random,voronoi,event,0.0,20.0,30.0,kinematic,0,200,200,155,0.775,49,162,0.735,717.53,7.02,2767,72.28405030036811,202.58650032337755,91.31593551544938,0.10090223641075655,107.20189999847207,3626.9677419354784,3728.6999999999957,190.32354149923776,22.307105274133413,25769.62394284549,24333.74156097744,231.5126322380858,-155.99028008961955,0.185,0.07100001676008105,26.118993010980248,0.265,0.209-0.330,99.09999999999911,0.5248064177510505,0.061571392205802676,3.751325949232792,6.75,0.0,0.215,5.385,376.72432804179334,0.5752314020129091,3.32,1.0075134872177574
random,voronoi,event,0.0,100.0,30.0,kinematic,0,200,200,155,0.775,49,197,0.545,146.925,4.59,384,35.79625003476394,133.38160020066425,44.62231799843721,0.23818087021495696,114.28130000422243,3642.0645161290263,3747.9999999999945,85.52663449954707,52.16676349758012,25769.62394284549,24372.761712491556,231.51489008041256,-169.93728941433767,0.23,0.11085000005550683,12.76214796307869,0.45499999999999996,0.387-0.524,136.00000000000227,0.8028574624947825,0.06440882266493374,3.4630605122146507,4.515,0.0,0.06,4.7,377.3597011782667,0.5361993461815892,3.3,1.0053051790596454
random,voronoi,event+pred50,50.0,20.0,30.0,kinematic,0,200,200,154,0.77,49,108,0.895,752.61,12.86,2983,86.54894985374995,297.4926002789289,108.80817896671942,0.11103158678878883,133.95550000132062,3917.53246753246,4015.099999999993,215.03613200118707,21.876732128389527,25839.919336205785,24767.830823058124,232.28179173306202,-155.99028008961955,0.365,0.07475000893464312,29.062654411800622,0.10499999999999998,0.070-0.155,68.09999999999911,0.5813509112563553,0.0620609744920231,3.398105506013802,11.1,0.0,1.675,6.2,267.6652976147068,0.7675570077937006,4.82,0.9910312475855982
random,voronoi,event+pred50,50.0,100.0,30.0,kinematic,0,200,200,154,0.77,49,122,0.82,152.605,6.415,448,41.59635003452422,115.0407000532141,50.866600995723275,0.2767232509822256,62.796300000627525,3940.3896103896022,4001.099999999993,91.29494999986491,50.50774379492406,25839.919336205785,24817.272751159282,232.31168043966537,-175.28600705851142,0.49,0.14214999828254804,13.503159403758396,0.18000000000000005,0.133-0.239,105.19999999999945,0.834913876070089,0.059795421339931674,3.489665653233358,5.77,0.0,0.54,5.405,351.4890525849698,0.659532266380865,4.36,0.9888330386238134
random,voronoi,event+pred150,150.0,20.0,30.0,kinematic,0,200,200,157,0.785,48,88,0.9,820.325,45.29,3379,133.1583999999566,435.2361003984697,172.40688852180028,0.15877313500544749,204.54540000355337,4376.433121019096,4481.299999999987,293.12340850010514,18.318028005042997,25996.894206511028,26029.913141764697,232.31924602829946,-171.10580684381395,0.435,0.09350000618724152,40.858605638425985,0.09999999999999998,0.066-0.149,59.29999999999904,0.6503930960246396,0.07835252480599487,2.1965181195233807,39.25,0.0,5.575,10.325,141.27863556157385,1.4990929627195966,10.37,0.9494774700567334
random,voronoi,event+pred150,150.0,100.0,30.0,kinematic,0,200,200,157,0.785,48,101,0.855,168.02,14.8,645,65.78169994463678,161.84590011835098,78.97392251215933,0.36979900519552533,228.15640000044368,4482.675159235653,4558.399999999986,127.2322775007342,44.57562750983388,25996.894206511028,26160.276568011315,232.47153924910373,-172.81994464801255,0.5,0.8148999986588024,17.87679424107304,0.14500000000000002,0.103-0.200,81.59999999999958,0.8475236555661938,0.0816604842686337,3.2554604816102435,12.675,0.0,1.8,7.645,288.2271666791278,1.1339896419400963,8.275,0.944572021572839
random,prm,once,0.0,20.0,30.0,kinematic,0,200,200,172,0.86,29,292,0.22,6.0,0.0,0,21.813299972563982,74.03099999646656,26.571343000032357,3.63554999542733,139.4670000008773,4358.60465116278,4316.999999999989,53.94219949892431,101.66566695901128,25153.514773059735,24649.332840892956,167.24022516658505,-174.5199343736658,0.14,11.388550010451581,6.007020723447909,0.78,0.718-0.832,267.50000000000006,0.9984149653348998,0.2904586189884114,4.531037830961407,0.0,0.0,0.0,0.0,0.0,0.10235677078978651,0.395,0.9904836527868105
random,prm,cycle,0.0,20.0,30.0,kinematic,0,200,200,172,0.86,29,56,0.755,673.79,69.02,3216,989.6825997930137,2629.0919999883045,1163.3048260088253,1.4274244389435415,493.4391999995569,3022.3255813953497,2997.700000000001,1256.4979975001188,3.4884740769404057,25153.514773059735,24525.868579651808,167.29915243713435,-174.76139332919297,0.205,10.338900006900076,378.15942446493284,0.245,0.191-0.309,76.5999999999999,0.8424344201116765,0.30604810281419875,13.08858800015839,0.0,0.0,0.0,5.73,82.67520339521936,0.7529007125258543,4.65,0.9963335001253629
random,prm,cycle,0.0,100.0,30.0,kinematic,0,200,200,172,0.86,29,118,0.535,137.18,12.19,802,182.91570006113034,537.1701001713518,239.3689994999295,1.353902324798275,1335.6588000024203,2992.558139534885,2971.800000000001,273.62904000037815,16.04040085279412,25153.514773059735,24448.915781064046,167.23020480658843,-169.73504035232827,0.24,10.268500001984648,77.97124281478011,0.46499999999999997,0.397-0.534,119.59999999999998,0.845340104286857,0.31074650186442654,11.213533665852648,0.0,0.0,0.0,4.23,210.5705370018815,0.3874497690049868,2.08,0.9988964065303466
random,prm,cycle+pred50,50.0,20.0,30.0,kinematic,0,200,200,167,0.835,34,45,0.795,689.63,88.02,6184,1145.3125997068128,3138.3647001202917,1386.7748589766416,1.6702180995562124,799.321600003168,3134.6107784431156,3128.8000000000015,1484.095475500726,3.015458808689049,25088.63676138339,25286.981050987197,179.6948456076647,-169.80798430636747,0.325,10.513000001083128,427.48800293396334,0.20499999999999996,0.155-0.266,68.39999999999998,0.8723075271895326,0.29722500079578784,12.889655279728577,0.0,0.0,0.0,6.125,86.18276379057338,0.9456852204417214,6.19,0.9682498324411556
random,prm,cycle+pred50,50.0,100.0,30.0,kinematic,0,200,200,167,0.835,34,75,0.67,140.435,16.865,1238,243.0975499082706,618.0586999980733,293.98929000140924,1.700801186309743,289.8071999952663,3168.8622754491025,3164.0000000000005,333.01049500034424,13.552947113640005,25088.63676138339,25275.754001556797,179.69844075191014,-178.47493918396668,0.37,10.714000003645197,89.45670816280304,0.32999999999999996,0.269-0.398,82.8,0.8740319791974236,0.31453413452210116,11.322143247533688,0.0,0.0,0.0,4.275,230.23653635634574,0.5121939997990086,3.225,0.9691890122302751
random,prm,cycle+pred150,150.0,20.0,30.0,kinematic,0,200,200,155,0.775,47,66,0.705,709.365,98.675,17907,1354.008350004733,3783.7083996419096,1555.0362540304195,1.8589285221514484,2165.767999991658,3400.2580645161297,3403.4000000000005,1659.5743619989662,2.920510982080616,25120.89635738351,26540.413710289755,216.90053882723313,-173.83723582790955,0.33,10.31939999666065,439.8675975118687,0.29500000000000004,0.236-0.362,79.79999999999997,0.8700898400288262,0.33395050381793884,12.955010010612341,0.0,0.0,0.0,5.875,109.98703922900735,1.1981548954808257,9.135,0.9295177513549986
random,prm,cycle+pred150,150.0,100.0,30.0,kinematic,0,200,200,155,0.775,47,72,0.69,143.47,17.845,3339,260.3377500345232,780.2643000177341,323.37486298893054,1.76300145833213,1082.0130999927642,3348.7741935483873,3361.8,362.83667899886495,13.85243487830838,25120.89635738351,26270.22435700078,216.90108484441083,-177.48337358955632,0.4,10.560599992459174,91.61683442187754,0.31000000000000005,0.250-0.377,73.19999999999999,0.88690107155913,0.30513391030169534,12.147459233382861,0.0,0.0,0.0,3.985,255.86185115831555,0.5736186241829925,4.13,0.9387753688055072
random,prm,event,0.0,20.0,30.0,kinematic,0,200,200,172,0.86,29,60,0.725,701.575,5.825,2678,107.57684970303671,272.46720023686066,121.97041600811644,0.15497934081451134,95.63619999971706,3379.0697674418593,3330.599999999999,207.36335200097528,18.719392442410744,25153.514773059735,24915.88795274787,167.2831265055014,-173.94190528758287,0.185,0.04465000529307872,36.93797728629244,0.275,0.218-0.341,100.59999999999972,0.8165816700396589,0.03242755782949111,8.52729503419004,5.79,0.0,0.015,5.49,367.6061361462522,0.47879415462526187,2.96,0.9825742430057487
random,prm,event,0.0,100.0,30.0,kinematic,0,200,200,172,0.86,29,127,0.52,140.92,3.51,675,64.6680499339709,160.9745000314433,74.1553390106128,0.4475215692173885,119.53060000087135,3282.3255813953474,3244.799999999999,107.25521799962735,37.65563086438152,25153.514773059735,24633.12382353044,167.22018488152943,-167.91711874341337,0.22,0.13564999972004443,23.05866586310212,0.48,0.412-0.549,120.09999999999998,0.9398137400590799,0.03392598160237004,7.441773251565725,3.435,0.0,0.015,4.16,354.22271146516835,0.3072008102891174,1.635,0.993285922567619
random,prm,event+pred50,50.0,20.0,30.0,kinematic,0,200,200,167,0.835,34,43,0.8,720.64,6.835,4057,113.04514999210369,328.2429998216685,140.7216914872697,0.16184394055753482,214.51079999678768,3488.8622754491003,3472.599999999999,230.22377199951734,17.82090713833876,25088.63676138339,25754.6780305805,179.6890145596491,-167.91711874341337,0.295,0.06145000224933028,40.63608764527264,0.19999999999999996,0.150-0.261,57.69999999999984,0.8304803279919645,0.03369482677402158,9.227524398099627,6.565,0.0,0.095,5.875,407.8080804412309,0.534703722115951,3.32,0.9540494401680065
random,prm,event+pred50,50.0,100.0,30.0,kinematic,0,200,200,167,0.835,34,72,0.695,146.1,4.26,969,71.92639994173078,210.06340005260427,86.44257499690866,0.4914075688862078,265.0879999855533,3523.3532934131717,3509.6999999999985,122.86711600070703,35.741140975852026,25088.63676138339,25593.672297764933,179.70051120679472,-173.72519061387192,0.38,0.17600000137463212,24.860657612456613,0.30500000000000005,0.245-0.372,81.8,0.941345928230769,0.03727820746846417,8.064654707544385,4.055,0.0,0.065,4.295,412.5527035475706,0.3758525111718924,2.38,0.9600749509694517
random,prm,event+pred150,150.0,20.0,30.0,kinematic,0,200,200,155,0.775,47,66,0.72,754.735,7.05,12931,126.22049970377702,382.2455999033991,165.838661473681,0.16189212569635125,857.1928000019398,4014.7096774193483,3967.799999999994,266.0580025002855,18.472746725746344,25120.89635738351,26884.199839736582,216.89241791020387,-173.83723582790955,0.33,0.0968000094871968,43.702906137199925,0.28,0.222-0.346,78.79999999999988,0.7831247481515844,0.04847733107789075,10.134401872834356,6.35,0.0,0.365,5.435,438.83542080545084,0.5272170872395158,3.625,0.9202934872825865
random,prm,event+pred150,150.0,100.0,30.0,kinematic,0,200,200,155,0.775,47,81,0.665,152.055,4.435,2617,73.4905999925104,260.75829994806554,95.58207400339597,0.4829371218820302,346.3373999984469,3882.5806451612843,3901.1999999999935,135.84062099878793,36.993363013267874,25120.89635738351,26777.337528264066,216.86206545348563,-178.5683810713291,0.34,0.2078500037896447,25.08660366159091,0.33499999999999996,0.273-0.403,86.4,0.9261545266484186,0.049757171045833166,8.6788010298715,3.96,0.0,0.29,3.95,449.8737832898468,0.3884651970656673,2.79,0.9252917797278991
random,visibility,once,0.0,20.0,30.0,kinematic,0,200,200,172,0.86,29,252,0.28,6.0,0.0,0,28.577699995366856,80.77840000623837,32.51662400121859,4.76294999922781,98.57440000632778,3551.3953488372094,3509.1000000000004,54.194360998953925,84.13377294328319,23594.82618078538,23242.41794643974,167.20624747400205,-174.85187622624284,0.085,15.605849999701604,9.001160075274212,0.72,0.654-0.778,191.00000000000003,0.9994256476240078,0.12880000175410433,5.550460802897394,0.0,0.0,0.0,0.0,0.0,0.017669316003010346,0.0,1.0481583315153784
random,visibility,cycle,0.0,20.0,30.0,kinematic,0,200,200,172,0.86,29,107,0.6,695.515,104.03,4567,1515.9000498533715,5079.015400464414,1865.0858355066885,2.3101287863881783,581.480000008014,3285.3488372093016,3239.2999999999993,1957.4847354994563,3.0391534632945456,23594.82618078538,23288.034533317415,167.26582390146686,-171.50351152737522,0.175,14.632549995440058,538.7791525831825,0.4,0.335-0.469,142.7999999999999,0.9650659051384327,0.11125639994972282,16.38013150115241,0.0,0.0,0.0,3.635,20.38727608604231,0.18060710852452297,0.155,1.0462721654916645
random,visibility,cycle,0.0,100.0,30.0,kinematic,0,200,200,172,0.86,29,138,0.495,140.705,18.795,956,286.43519993056543,982.2292000899324,373.8139659896842,2.0938024240272712,900.6531999912113,3239.651162790696,3198.0999999999995,407.2636329996021,13.712231720842698,23594.82618078538,23269.11811305147,167.22462721828393,-175.3015486877422,0.14,14.261500000429805,108.54528855227461,0.505,0.436-0.574,152.7,0.965491873854094,0.11115091545795905,14.641555638791512,0.0,0.0,0.0,3.295,39.13004967014871,0.10541105475018667,0.08,1.047098839505623
random,visibility,cycle+pred50,50.0,20.0,30.0,kinematic,0,200,200,167,0.835,34,96,0.615,707.51,124.13,7486,1806.6003001731588,5779.340500070248,2163.2386020140984,2.640206800476001,550.2189999970142,3434.850299401196,3396.3999999999987,2261.0004940011277,2.575263423532483,23522.261082903762,23279.193882349646,179.72583011899835,-170.93530970472574,0.205,14.2271999939112,591.632337555767,0.385,0.320-0.454,123.59999999999987,0.9707574791111611,0.10952913168892721,16.158664604548772,0.0,0.0,0.0,3.81,26.665036171070565,0.26169272525450005,0.31,1.0471405356339643
random,visibility,cycle+pred50,50.0,100.0,30.0,kinematic,0,200,200,167,0.835,34,117,0.55,143.98,22.94,1572,349.31639983551577,939.223800014588,424.6077644871548,2.488307736012783,194.21620000503026,3412.335329341315,3383.3999999999983,461.0840260000259,11.464098465609311,23522.261082903762,23265.002755289228,179.69544390073435,-170.74561959644862,0.18,14.519600001221988,118.81969459816705,0.44999999999999996,0.383-0.519,142.8,0.9689573375827528,0.11440808517243944,14.300549495809456,0.0,0.0,0.0,3.41,74.34123386331854,0.1729117836696743,0.1,1.0477902379629374
random,visibility,cycle+pred150,150.0,20.0,30.0,kinematic,0,200,200,155,0.775,47,105,0.575,730.58,135.12,19528,1727.3703500104602,5754.4099999795435,2195.1058514942997,2.4842366134500606,1520.358000008855,3635.4838709677388,3629.5999999999976,2297.0340315009526,2.3698740714796362,23305.46242379863,23405.840299071922,216.9255754020813,-175.62263308031444,0.2,13.648699990881141,563.8746134578149,0.42500000000000004,0.359-0.494,131.19999999999993,0.9705499798770137,0.10962601259734589,15.121978493066742,0.0,0.0,0.0,3.975,38.57599279515669,0.4589073122909578,1.26,1.0438658393281244
random,visibility,cycle+pred150,150.0,100.0,30.0,kinematic,0,200,200,155,0.775,47,131,0.54,148.35,25.805,3652,390.0833500083536,1097.5913999427576,459.22135449407506,2.5919227020422593,537.8119000088191,3622.8387096774163,3633.399999999997,498.9431405002688,11.058000015306325,23305.46242379863,23333.689977038204,216.87499023670102,-176.7471483017277,0.205,13.60200000635814,119.83732226706488,0.45999999999999996,0.392-0.529,141.3,0.971546816432541,0.11188824711009648,14.132247228272346,0.0,0.0,0.0,3.145,110.16565366458455,0.27285524750052337,0.6,1.0470150732544674
random,visibility,event,0.0,20.0,30.0,kinematic,0,200,200,172,0.86,29,101,0.58,708.365,21.405,3831,308.8850997737609,918.4248996316455,421.2073589481588,0.43941456095879106,243.5265999956755,3502.6744186046485,3432.3999999999983,513.2811940007377,9.928572823534948,23594.82618078538,23293.4542218306,167.24816182966936,-170.32354974917448,0.16,0.07985000411281362,116.36741378926453,0.42000000000000004,0.354-0.489,134.59999999999982,0.943736790333821,0.03479416235299668,14.582130630914197,21.255,0.0,0.04,3.715,49.53599105237501,0.15020321385808688,0.115,1.046008061662847
random,visibility,event,0.0,100.0,30.0,kinematic,0,200,200,172,0.86,29,141,0.465,142.86,5.97,853,114.52584996004589,359.08460008795373,150.18195348558947,0.788101877017342,865.5345000006491,3366.1627906976732,3334.3999999999987,185.76132899986987,26.909480517227475,23594.82618078538,23271.18233338296,167.25656201455894,-172.0137417119531,0.125,0.42400001257192343,44.083482157600436,0.5349999999999999,0.466-0.603,147.1,0.9686574693114808,0.03592232980489065,12.30231467227109,5.87,0.0,0.025,3.315,59.06202936480162,0.09469544523788528,0.065,1.0469703792072678
random,visibility,event+pred50,50.0,20.0,30.0,kinematic,0,200,200,167,0.835,34,105,0.615,725.785,19.33,6177,312.11859988979995,937.3182998679113,387.91881999524776,0.4193117239416856,213.89430001727305,3713.652694610774,3647.899999999996,483.9568060019519,10.608553270054822,23522.261082903762,23299.600078619114,179.7294031090854,-173.19668706014505,0.225,0.0865500041982159,107.29430703502041,0.385,0.320-0.454,148.9999999999997,0.9366965709703452,0.03504955074517264,14.442059956455134,19.01,0.0,0.125,3.835,74.38907095980763,0.19029787801062362,0.19,1.046207758266015
random,visibility,event+pred50,50.0,100.0,30.0,kinematic,0,200,200,167,0.835,34,117,0.565,146.315,6.895,1337,126.63959997007623,377.87280007614754,159.13089249217592,0.8849588760826019,246.14570000267122,3573.053892215565,3529.4999999999973,195.24667149875313,25.1646444072307,23522.261082903762,23276.586463865722,179.69191498179677,-175.97252247553232,0.165,11.462250004115049,44.87318979308614,0.43500000000000005,0.368-0.504,138.7,0.9697054455102345,0.03608652963252661,12.126529901655536,6.725,0.0,0.065,3.395,113.10227744029935,0.14083889520784276,0.055,1.0472910663258368
random,visibility,event+pred150,150.0,20.0,30.0,kinematic,0,200,200,155,0.775,47,105,0.595,757.665,18.15,15406,251.53785006841645,754.6321998961503,351.5449795166205,0.3278870541801563,268.25349999126047,4041.9354838709587,4016.4999999999914,450.26900349948846,12.55209129637873,23305.46242379863,23535.52710235951,216.8626906911356,-174.69840263050813,0.165,0.0950499961618334,81.45776824995136,0.405,0.339-0.474,120.09999999999978,0.9138950510432703,0.0412535093932173,13.434046288912704,17.2,0.0,0.46,3.785,141.93990980201974,0.27993921752493334,0.695,1.0382552454741467
random,visibility,event+pred150,150.0,100.0,30.0,kinematic,0,200,200,155,0.775,47,139,0.47,152.0,7.295,3097,131.7409500843496,357.3331999068614,150.6644910009345,0.8665966877248727,160.559199997806,3849.419354838704,3853.099999999994,190.32543099980103,25.70327414154664,23305.46242379863,23426.706667718692,216.86250204313174,-173.72519061387192,0.16,10.59125000028871,39.35575045511714,0.53,0.461-0.598,152.3,0.9588293700889883,0.04464482510242141,11.061373583553145,6.7,0.0,0.335,3.21,181.73388393237326,0.20599755283465845,0.37,1.0431549267804983
