planner,policy,pred,period,n,cf,coll_prob_ci,completed,contact_ms,replans,plan_ms,rebuild_share,check_ms,rebuild_ms,blocked,later,finished,other,shift,turn_per_m,sharp,min_rr,min_ro,ttg,eff
prm,cycle,0.0,20,146,53.42465753424658,39-55,100.0,148.90410958904116,63.43835616438356,474.2270044994257,0.8361224255662488,0.14133276584434026,6.434314725389156,0.0,0.0,0.0,0.0,91.20081839224811,0.726500713506644,3.9726027397260273,72.62893358920591,7.512916543377116,2.820000000000002,0.9677226165031909
prm,cycle,0.0,100,146,37.67123287671233,54-70,100.0,197.3972602739726,10.897260273972602,89.1346199985037,0.8341525805244697,0.13946836516572575,5.1033975496554635,0.0,0.0,0.0,0.0,233.73716409768633,0.3721762689657465,1.9794520547945205,36.982208078336555,13.019916151964367,2.820000000000001,0.9695059326903522
prm,cycle,50.0,20,146,65.75342465753424,27-42,100.0,118.35616438356166,90.28082191780823,670.0956094987305,0.8787370110395024,0.13764305684944372,6.352950197768333,0.0,0.0,0.0,0.0,92.91496022305104,1.0315576011069576,6.7534246575342465,159.08992989983508,40.937404195387984,3.0400000000000023,0.9355665159255153
prm,cycle,50.0,100,146,54.109589041095894,38-54,100.0,162.87671232876713,16.643835616438356,135.18676050125578,0.8784548689457023,0.14031768957114552,5.450727256195647,0.0,0.0,0.0,0.0,259.7929025780842,0.566544390484207,3.73972602739726,145.7824768057164,39.68345773551606,3.090000000000001,0.9361628924517212
prm,cycle,150.0,20,146,63.6986301369863,29-44,100.0,136.30136986301366,115.93150684931507,785.6387795027331,0.891076776466552,0.1479328573579332,6.278087847880001,0.0,0.0,0.0,0.0,121.465400130042,1.4355861598893584,11.39041095890411,143.51573382824645,66.70339304753004,3.320000000000003,0.8729998690218219
prm,cycle,150.0,100,146,54.794520547945204,37-53,100.0,181.5068493150685,22.315068493150687,161.1166069983483,0.9006547130294045,0.14273277310334725,5.683715099423949,0.0,0.0,0.0,0.0,270.55577173177164,0.6831623645278838,5.376712328767123,133.95452029462805,64.53171558524396,3.370000000000002,0.8774251064918629
prm,event,0.0,20,146,54.109589041095894,38-54,100.0,170.82191780821924,7.068493150684931,68.92952300222532,0.8216696130178557,0.018915072745056348,4.630867704403465,7.054794520547945,0.0,0.0,0.0136986301369863,376.4478395299944,0.502587816590927,2.6232876712328768,51.21087836672142,5.85936553390934,3.0200000000000022,0.961090228550666
prm,event,0.0,100,146,36.986301369863014,55-70,100.0,233.2876712328767,4.0479452054794525,42.35534799954621,0.9376634516162544,0.019807956708345016,3.9454558289028525,3.9726027397260273,0.04794520547945205,0.0,0.0273972602739726,384.8988647093616,0.3203325814316819,1.6575342465753424,16.954505104782314,9.674988844527263,2.9400000000000013,0.964936238939436
prm,event,50.0,20,146,63.013698630136986,30-45,100.0,145.89041095890394,9.027397260273972,84.30240699794922,0.8316501097567601,0.019855723195532134,4.816926203282197,8.767123287671232,0.13013698630136986,0.0,0.13013698630136986,408.8196310436425,0.6581720771376656,4.226027397260274,140.48817443752117,40.80711538377669,3.4000000000000026,0.9155343604711202
prm,event,50.0,100,146,54.794520547945204,37-53,100.0,172.46575342465758,5.321917808219178,50.65218549907513,0.9422208895398951,0.021116824704692574,4.256876272228891,5.095890410958904,0.11643835616438356,0.0,0.1095890410958904,438.05729900822433,0.44224685908858835,3.006849315068493,108.50016137389409,37.29188003675685,3.4200000000000017,0.9191497125066809
prm,event,150.0,20,146,60.273972602739725,32-48,100.0,167.260273972602,9.424657534246576,96.15242700465387,0.7781239667907482,0.027873431412187524,5.00565965275734,8.527397260273972,0.4863013698630137,0.0,0.410958904109589,427.20694207030294,0.6347012724630345,4.705479452054795,111.98529780800114,72.00607615115557,4.11,0.8643485121481419
prm,event,150.0,100,146,50.68493150684932,41-57,100.0,204.10958904109594,5.315068493150685,49.84906050299287,0.9153367099984906,0.029786029656829967,4.272960357144085,4.773972602739726,0.273972602739726,0.0,0.2671232876712329,459.0558646609844,0.42520489045647425,3.308219178082192,105.8618324113713,61.12622959173075,3.770000000000002,0.8654507270284788
prm,once,0.0,20,146,13.013698630136986,81-92,100.0,443.9726027397262,0.0,12.672362499642986,1.0,0.0,1.954308994295783,0.0,0.0,0.0,0.0,,0.08497310273185063,0.3082191780821918,-61.94581451099033,-80.37714933897408,4.389999999999994,0.9663393642706014
visibility,cycle,0.0,20,146,38.35616438356164,54-69,100.0,269.0410958904109,92.5,850.2853309914826,0.9673525431929944,0.06054192164182046,11.073462362073924,0.0,0.0,0.0,0.0,22.665955563302198,0.19144717225084734,0.1506849315068493,80.22243199356575,-2.2822679609966485,2.920000000000002,1.0123654390749846
visibility,cycle,0.0,100,146,34.93150684931507,57-72,100.0,283.6986301369863,16.71232876712329,175.02758449950306,0.967234644437368,0.06012974893109721,9.406709584136912,0.0,0.0,0.0,0.0,47.670691193102535,0.11326128966904538,0.0410958904109589,57.986339556484765,-7.6036800494679255,2.9200000000000013,1.0127840352442263
visibility,cycle,50.0,20,146,43.83561643835616,48-64,100.0,256.98630136986293,114.73972602739725,1141.4203034989896,0.9729036553714883,0.059707004465965906,10.673884992963508,0.0,0.0,0.0,0.0,30.00385785997439,0.2983773899232278,0.3972602739726027,131.69282590558694,2.8313513078490047,3.0600000000000023,1.0095847753116238
visibility,cycle,50.0,100,146,39.04109589041096,53-68,100.0,263.013698630137,20.910958904109588,241.04102500200497,0.9724436333543173,0.05991609648022201,9.387502018583387,0.0,0.0,0.0,0.0,82.71529170157831,0.19521602941902047,0.136986301369863,100.6445870979513,3.126207805153527,3.090000000000001,1.010244468598294
visibility,cycle,150.0,20,146,40.41095890410959,51-67,100.0,259.0410958904109,133.71917808219177,1263.7505940037954,0.9739910945573085,0.05868675251600737,9.772267309035156,0.0,0.0,0.0,0.0,40.835785673793126,0.49786529302925625,1.3424657534246576,115.10866195467014,0.2632973645452381,3.4800000000000026,0.9938011189535909
visibility,cycle,150.0,100,146,38.35616438356164,54-69,100.0,273.28767123287673,26.356164383561644,262.915552999857,0.9753480329677816,0.0595002652571583,8.925588920622634,0.0,0.0,0.0,0.0,119.99385055020468,0.3178242669868754,0.6438356164383562,101.5067710655822,-1.0353270795062173,3.540000000000002,0.9966489255870008
visibility,event,0.0,20,146,41.0958904109589,51-67,100.0,262.05479452054783,21.34931506849315,243.63755750300697,0.9535998505236178,0.01919979781938128,9.880501556233154,21.26027397260274,0.03424657534246575,0.0,0.0547945205479452,49.83800222826234,0.15416127231046128,0.13013698630136986,84.20948698285372,-0.0629439462416457,2.960000000000002,1.0126171409418252
visibility,event,0.0,100,146,35.61643835616438,56-72,100.0,262.8767123287671,7.136986301369863,88.15226349861405,0.9760875127915499,0.019448822144761267,7.835780531813849,7.102739726027397,0.0273972602739726,0.0,0.00684931506849315,64.79367031048614,0.09989341248769666,0.0410958904109589,67.76120208597658,-5.218927277855485,2.9700000000000015,1.0131626101754505
visibility,event,50.0,20,146,41.78082191780822,50-66,100.0,264.6575342465752,23.116438356164384,251.22134300340804,0.950965747976197,0.020257133937224527,9.540584221595287,22.801369863013697,0.2054794520547945,0.0,0.1095890410958904,71.44175749935121,0.21605408048343927,0.2534246575342466,135.3667351756239,-14.506990542441628,3.2200000000000024,1.0087167614317072
visibility,event,50.0,100,146,40.41095890410959,51-67,100.0,284.52054794520546,8.794520547945206,109.30036750301042,0.9763842523196737,0.021412159524509797,8.01586191435709,8.58904109589041,0.1506849315068493,0.0,0.0547945205479452,110.46369742645804,0.16623301353294237,0.07534246575342465,90.05909282633928,-10.842523727324817,3.2400000000000015,1.0101009238144958
visibility,event,150.0,20,146,40.41095890410959,51-67,100.0,286.4383561643832,18.828767123287673,213.91554799811274,0.9208358231842553,0.02388994286618419,8.61274152937993,17.910958904109588,0.5753424657534246,0.0,0.3424657534246575,124.7745609177335,0.3201488484817016,0.8493150684931506,105.20580055137032,-10.921467690932928,3.7400000000000024,0.9890487292878786
visibility,event,150.0,100,146,36.3013698630137,56-71,100.0,311.5068493150685,8.86986301369863,112.46132000110265,0.9699325375153298,0.024544414784229827,7.613509554124935,8.219178082191782,0.410958904109589,0.0,0.23972602739726026,179.38767559066122,0.23902849835014567,0.4041095890410959,110.18945167640501,-20.667951520319505,3.700000000000002,0.9933435044912237
visibility,once,0.0,20,146,13.698630136986301,80-91,100.0,383.8356164383563,0.0,22.283780999941882,1.0,0.0,3.370408860732449,0.0,0.0,0.0,0.0,,0.01349701750860937,0.0,-36.81945660612236,-77.84497435854547,3.510000000000003,1.0141824539100708
voronoi,cycle,0.0,20,191,53.403141361256544,40-54,100.0,174.34554973821983,86.4869109947644,312.350942003377,0.9244921655465587,0.047812144427344556,3.917626985169941,0.0,0.0,0.0,0.0,102.28710699402004,1.1901713467788955,6.827225130890052,73.31617851276803,6.881301385182184,3.000000000000002,0.954588347022841
voronoi,cycle,0.0,100,191,43.97905759162304,49-63,100.0,170.15706806282722,16.837696335078533,73.07122499514662,0.9256357538260283,0.048729943903233215,3.267094082990082,0.0,0.0,0.0,0.0,256.7583822391679,0.7039911751077861,4.130890052356021,71.06678110362029,5.687125742022573,3.0600000000000014,0.9504447173864587
voronoi,cycle,50.0,20,191,75.91623036649214,19-31,100.0,99.16230366492114,127.51832460732984,515.0869390040498,0.9359149877225033,0.057984327967722196,3.8863948270732807,0.0,0.0,0.0,0.0,83.80389861843184,1.5670378875278306,9.413612565445026,170.42126762925943,44.51806722557152,3.2800000000000025,0.9325150932417724
voronoi,cycle,50.0,100,191,63.87434554973822,30-43,100.0,135.28795811518324,25.387434554973822,107.82926799947744,0.9360692619357608,0.06072166012677161,3.445842253711618,0.0,0.0,0.0,0.0,232.24142873532716,0.9292888565626682,5.9319371727748695,144.19631665990136,43.17201565724986,3.2800000000000016,0.9286338937276429
voronoi,cycle,150.0,20,191,83.7696335078534,12-22,100.0,70.15706806282662,211.3193717277487,779.6877849900739,0.9265802885888496,0.09650904296160734,3.417771567986238,0.0,0.0,0.0,0.0,101.28566453041162,3.411762403726455,24.952879581151834,219.6989005519747,80.42176895900582,3.820000000000002,0.8771989070281245
voronoi,cycle,150.0,100,191,68.58638743455498,25-38,100.0,108.58638743455498,43.230366492146594,165.24601100309155,0.9303645647470675,0.09722772481530291,3.212922473040475,0.0,0.0,0.0,0.0,239.97415138300633,1.7635748074530582,13.75392670157068,179.58509525247325,94.61799020749709,3.9400000000000017,0.8673958918400948
voronoi,event,0.0,20,191,49.73821989528796,43-57,100.0,157.6963350785338,10.973821989528796,63.18329099667608,0.5671470196861892,0.041451556807548195,2.316721634789083,10.75392670157068,0.21465968586387435,0.0,0.005235602094240838,370.30352702868305,0.6918700360141439,3.884816753926702,72.54432398490903,3.335452686435474,3.3000000000000025,0.9519323536791416
voronoi,event,0.0,100,191,37.696335078534034,55-69,100.0,229.4240837696335,6.109947643979058,30.63102699843512,0.8056155575230506,0.04445380611107964,2.12473165111298,6.0680628272251305,0.041884816753926704,0.0,0.0,363.5435248623876,0.5705676946257575,3.5916230366492146,44.78292475140401,1.1481312332253708,3.2800000000000016,0.9521588371627243
voronoi,event,50.0,20,191,69.10994764397905,25-38,100.0,125.34031413612527,21.649214659685864,80.43494399544215,0.6002326907759291,0.045415943713896734,1.8740177856430678,19.86387434554974,1.5863874345549738,0.0,0.19895287958115182,267.3778728875876,0.9515099004812594,5.5863874345549736,156.19384926863978,38.23761512677896,3.5800000000000027,0.9296794562756195
voronoi,event,50.0,100,191,57.59162303664922,36-49,100.0,180.31413612565444,8.6282722513089,36.176495995277946,0.8169413759130458,0.04998986773019344,2.2323505060784585,8.089005235602095,0.418848167539267,0.0,0.12041884816753927,359.7406130334961,0.7088422454005155,4.7486910994764395,118.22752988272975,34.11660739460743,3.580000000000002,0.9260626055741639
voronoi,event,150.0,20,191,73.29842931937172,21-33,100.0,118.53403141361083,65.61256544502618,128.66978399961226,0.6483641325242936,0.06038482294638337,1.3057491250190658,58.54973821989529,6.303664921465969,0.0,0.7591623036649214,144.62485275409324,2.0048206462613756,14.952879581151832,198.59637145167125,72.07207360204063,4.6199999999999894,0.8656872088676024
voronoi,event,150.0,100,191,67.5392670157068,26-39,100.0,117.4869109947644,21.041884816753928,56.1059889992066,0.8254796443492779,0.069648769832874,1.8982391366899074,18.340314136125656,2.2408376963350785,0.0,0.4607329842931937,274.6011629065865,1.3937442809783087,11.073298429319372,161.4858269386886,73.91707990864217,4.419999999999993,0.8683231930371519
voronoi,once,0.0,20,191,7.329842931937172,88-96,100.0,700.8376963350788,0.0,8.62209500019162,1.0,0.0,1.2851365846344844,0.0,0.0,0.0,0.0,,0.19259570771510298,0.5026178010471204,-62.07313560651792,-111.17199634432126,6.5399999999999485,0.9286257149500862
