scenario,planner,replan_policy,prediction_horizon_ms,replan_period_ms,backend,physics_validation_passes,runs,scenario_count,completed_runs,completion_rate,failed_plans,collision_episodes,collision_free_rate,planner_calls_mean,replans_mean,replan_failures,planning_time_ms_median,planning_time_ms_p95,planning_time_ms_mean,call_time_ms_median,call_time_ms_max,time_to_goal_ms_mean,simulated_duration_ms_mean,wall_time_ms_mean,realtime_factor_mean,planned_path_length_mm_mean,travelled_distance_mm_mean,mean_final_error_mm,minimum_clearance_mm,near_miss_free_rate,call_time_ms_p95_median,planning_ms_per_sim_s_mean,path_efficiency_mean
random,voronoi,once,0.0,20.0,kinematic,0,200,200,199,0.995,1,260,0.33,3.0,0.0,0,3.9551289996779815,8.19095500014555,3.2784294949919968,1.3183763332259937,7.370828999910373,4481.507537688418,4470.199999999976,20.011113819996353,235.38292002453926,13326.580524011995,13005.163444065736,69.19651347675482,-179.50173948995513,0.25,3.8768845000731744,0.5759016684566809,0.9417179633513676
random,voronoi,cycle,0.0,20.0,kinematic,0,200,200,199,0.995,1,90,0.76,355.605,42.645,297,117.17205499951433,510.9117730046364,169.4449450898327,0.3271361882353828,15.93992799996613,2862.613065326634,2859.6000000000013,205.70566228000587,23.18465655292191,13326.580524011995,12612.797404860245,69.09040133458652,-144.4658675284077,0.415,3.7926509999692826,52.67612170535198,0.9624232873982186
random,voronoi,cycle,0.0,50.0,kinematic,0,200,200,199,0.995,1,85,0.74,143.955,17.165,99,44.8585855009469,211.77132400043774,70.51652676982599,0.3310911507929751,8.259944000201358,2878.693467336681,2875.399999999998,93.81637681499684,46.36598114287036,13326.580524011995,12648.68970070326,69.30618568083773,-169.97841247313687,0.43,3.7886710000520907,21.718161138245687,0.9599375478530705
random,voronoi,cycle,0.0,100.0,kinematic,0,200,200,199,0.995,1,89,0.705,72.62,8.375,48,23.55050600033337,104.83892400111472,34.948150245013494,0.326672270491949,12.347759000022052,2872.5628140703525,2869.3000000000006,51.029867914990064,77.61277109107571,13326.580524011995,12647.845126458602,69.07960678746889,-166.4308403496638,0.485,3.8104890001022795,10.949149388032422,0.9604470176511499
random,voronoi,cycle,0.0,200.0,kinematic,0,200,200,199,0.995,1,100,0.63,37.25,3.94,30,12.423289999560438,61.36013499872206,18.396175704942266,0.35337089127335186,11.931387999993603,2896.984924623115,2893.5999999999995,32.01759361999393,114.76903461816941,13326.580524011995,12670.266754667344,69.22314507933811,-168.13310541662798,0.48,3.8320199999475335,5.632991894941381,0.9606605485219191
random,voronoi,cycle+pred20,20.0,20.0,kinematic,0,200,200,199,0.995,1,43,0.855,360.415,48.77,312,135.50907749993257,562.1259210020071,192.3060777151028,0.3780308811368983,18.57587900008184,2916.180904522614,2913.1000000000013,229.05889468999192,21.445147104839467,13389.983026537115,12725.631079812569,69.19753212065336,-147.2710531538007,0.46,3.8098034998483854,58.89741349168357,0.9542604027762533
random,voronoi,cycle+pred20,20.0,50.0,kinematic,0,200,200,199,0.995,1,48,0.825,145.42,19.095,126,54.13569899997128,257.1022910017291,77.43610035003258,0.38826280731434576,12.384518999965621,2914.120603015073,2910.899999999998,101.14696136000305,42.81164682620529,13389.983026537115,12743.968719892722,69.27998672853933,-168.86432684526747,0.475,3.829833999816401,23.71397783785704,0.9536166999188402
random,voronoi,cycle+pred20,20.0,100.0,kinematic,0,200,200,199,0.995,1,58,0.8,73.56,9.38,60,28.325147500368075,115.11599600021327,39.219674999960716,0.3928145180058201,10.679032999860283,2928.4422110552764,2925.4,55.67530647499836,73.11922710894669,13389.983026537115,12743.34724114238,69.17195168976961,-170.33755162488,0.545,3.831921500136559,11.926645214512437,0.9541899910638729
random,voronoi,cycle+pred20,20.0,200.0,kinematic,0,200,200,199,0.995,1,82,0.685,38.15,4.86,28,16.137592499376296,68.65526899991892,21.494940520033197,0.4246541973735044,19.659665999824938,3004.0201005025115,3000.099999999999,35.555148375013346,108.13864027632918,13389.983026537115,12835.459220242132,69.19405493093309,-168.56013696153497,0.525,3.8477195000155007,6.362280254560235,0.9484884344011968
random,voronoi,cycle+pred50,50.0,20.0,kinematic,0,200,200,199,0.995,1,29,0.9,363.785,54.22,293,161.4527735015372,594.6791870014749,209.85105899006442,0.4627402138956612,16.036140999858617,2937.7889447236194,2935.0000000000014,246.87719024999976,19.438833816154204,13521.776586178485,12790.23147863208,69.10552796459211,-152.44633351836043,0.665,3.8375365002139006,64.7992430225873,0.950140808574067
random,voronoi,cycle+pred50,50.0,50.0,kinematic,0,200,200,199,0.995,1,28,0.895,147.655,21.89,126,63.28869650008073,244.8663469967869,86.73695399503174,0.44969060989827325,12.184978000277624,2977.2864321608017,2974.3499999999976,110.84388543999921,39.39181495689375,13521.776586178485,12827.132267900832,69.2309167920517,-153.0879533851429,0.66,3.8492100002258667,26.449161868054393,0.9479374632722544
random,voronoi,cycle+pred50,50.0,100.0,kinematic,0,200,200,199,0.995,1,36,0.86,74.89,10.885,58,33.515816999965864,124.19461299850809,45.02869368498182,0.4741851992661556,13.8295219999236,2998.592964824121,2995.6000000000004,61.71113055999513,67.42279860174483,13521.776586178485,12882.102591153414,69.13966218321198,-152.44633351836052,0.66,3.8561260000733455,13.516646327658165,0.9447201884304769
random,voronoi,cycle+pred50,50.0,200.0,kinematic,0,200,200,199,0.995,1,53,0.79,38.815,5.515,26,16.98721500042666,65.88228800001161,24.06368889999726,0.46665912461960674,11.151615000017046,3098.190954773868,3094.6999999999985,38.433521035009335,101.07840643548663,13521.776586178485,12908.464983943362,69.1811609745283,-170.7343336730831,0.64,3.876948000026914,6.952507098164979,0.9427369102575861
random,voronoi,cycle+pred100,100.0,20.0,kinematic,0,200,200,194,0.97,6,22,0.915,376.79,69.4,425,200.68525149781635,608.2824569948571,250.09780250013478,0.5552288755125492,17.161242999918613,3160.927835051547,3139.2000000000007,289.04082148499583,17.823879365803208,13626.427210589347,12947.097996042932,102.5098177834384,-115.64358684717774,0.835,3.8654164999343266,72.885635592921,0.9457686480193219
random,voronoi,cycle+pred100,100.0,50.0,kinematic,0,200,200,194,0.97,6,27,0.89,152.475,27.675,166,82.33208649926382,237.07185499847583,101.45608625008096,0.561191888888191,24.18539400014197,3157.6288659793786,3139.4999999999973,126.46201595499576,36.84393641352207,13626.427210589347,12990.110446882465,102.61735352487376,-118.74539349648667,0.79,3.8799124999968626,29.70818426010702,0.9425761323547215
random,voronoi,cycle+pred100,100.0,100.0,kinematic,0,200,200,194,0.97,6,30,0.895,76.99,13.49,89,41.129940499786244,145.19520899989402,53.07934790985655,0.5500917051512205,8.980105000091498,3159.587628865979,3142.0999999999995,70.38195492000625,63.00883440179649,13626.427210589347,12977.256315146595,102.52784264690744,-151.15378820632398,0.815,3.8812055000221335,15.308045216943727,0.9430246001369025
random,voronoi,cycle+pred100,100.0,200.0,kinematic,0,200,200,194,0.97,6,50,0.805,39.975,6.895,43,21.08994849947976,78.63527900099143,28.111517574984077,0.5613459815843856,11.669362000020556,3267.9381443298944,3247.5999999999976,43.21697606500209,96.61622502780618,13626.427210589347,13026.964021403146,102.52174375641212,-169.17531236988802,0.67,3.890527500004737,7.786128428165612,0.9409123372086345
random,voronoi,cycle+pred150,150.0,20.0,kinematic,0,200,200,199,0.995,1,9,0.96,394.12,85.2,543,221.9610499986402,748.3554439977524,297.5413641447818,0.5985826995122652,13.56233000001339,3289.4472361809044,3285.2,338.2852207050081,15.748828633113629,13979.283152951055,13363.940197609714,69.12409634127125,-131.90834420035742,0.88,3.9074164998282868,82.3225030752569,0.9132619394015058
random,voronoi,cycle+pred150,150.0,50.0,kinematic,0,200,200,199,0.995,1,12,0.945,159.265,33.415,217,90.00338149911613,291.7390130012336,120.5668575601527,0.590160638306912,12.606067999968218,3316.7839195979864,3312.3999999999965,146.8974965000143,32.971056602716075,13979.283152951055,13385.790490658736,69.17476615561453,-170.99555571210777,0.89,3.919969999969908,33.269062524853425,0.9114851359565267
random,voronoi,cycle+pred150,150.0,100.0,kinematic,0,200,200,199,0.995,1,17,0.915,80.975,16.84,99,49.98346900026718,152.0320320000792,61.338966085044724,0.645858891024244,12.089179999975386,3344.6231155778883,3340.599999999999,79.63092020499687,58.07883467318274,13979.283152951055,13433.579291668437,69.01661854443631,-155.31965423240342,0.83,3.9225115000363076,16.815796518505202,0.9076149875682782
random,voronoi,cycle+pred150,150.0,200.0,kinematic,0,200,200,199,0.995,1,39,0.835,41.8,8.37,56,24.483698499579987,82.24514899939095,32.76557346498748,0.632663169013818,8.016573000077187,3449.2462311557747,3444.799999999996,48.63345220501116,91.5648664428798,13979.283152951055,13449.111747812341,69.10904840036777,-171.6965922861504,0.75,3.9257845000975067,8.533060658034172,0.9094519408727071
random,voronoi,cycle+pred200,200.0,20.0,kinematic,0,200,200,196,0.98,4,10,0.95,414.715,106.95,811,279.1727880014605,1008.7888840016603,356.0554834746597,0.7131553515989191,29.458750999992844,3632.4489795918325,3609.299999999996,399.6412688550038,14.669450952718574,14106.026583727964,13703.126789759805,94.78565240454854,-146.98062803640303,0.885,3.9526365001165686,89.21697441393668,0.8981195657484082
random,voronoi,cycle+pred200,200.0,50.0,kinematic,0,200,200,196,0.98,4,13,0.94,168.305,43.74,324,115.77634599893827,384.9285369985864,148.7405793149719,0.7266136630212048,16.07676599996921,3693.52040816326,3668.449999999995,177.69408099999168,30.49875654211915,14106.026583727964,13821.017518440254,94.8730028036201,-162.84071552842735,0.875,3.9642630000571444,36.6025283820335,0.8922314787242507
random,voronoi,cycle+pred200,200.0,100.0,kinematic,0,200,200,196,0.98,4,18,0.91,85.08,21.1,174,64.05015500024547,185.60460499816145,74.39351720999525,0.7535200125997199,16.355356999611104,3653.7755102040765,3631.4999999999945,94.49441380999986,54.17148123655144,14106.026583727964,13766.209608236539,94.66047584370608,-147.85728820167603,0.86,3.9645159999963653,18.544856167672744,0.8945283558568978
random,voronoi,cycle+pred200,200.0,200.0,kinematic,0,200,200,196,0.98,4,28,0.87,44.475,11.025,84,32.46686999921167,94.70808200057945,39.2418340900241,0.7757086739587546,15.000039999904402,3745.2040816326466,3722.1999999999935,56.41085972499468,85.61698279581792,14106.026583727964,13870.822910691717,94.75692650349302,-133.5442906907295,0.8,3.954903000021659,9.566853847408666,0.8882369037502003
random,voronoi,event,0.0,20.0,kinematic,0,200,200,199,0.995,1,73,0.77,368.83,5.905,147,22.790607501747218,72.47946999905253,28.652524804932114,0.06243964827752055,10.328423000146358,3081.206030150753,3077.0999999999995,65.51407313000993,49.23476951507997,13326.580524011995,12645.041360309342,69.13729136236542,-141.59415534301593,0.425,0.04857049998463481,9.24845920063746,0.9614187852981949
random,voronoi,event,0.0,50.0,kinematic,0,200,200,199,0.995,1,75,0.745,149.09,3.61,55,15.782176000925574,38.518895999459346,16.53096848997677,0.09760240908732634,7.949071999973967,3097.135678391957,3092.7499999999973,40.83494686999245,79.04538237654191,13326.580524011995,12663.237697975483,69.22934068838364,-156.612632351229,0.39,0.05114199996114621,5.238837392754415,0.9594005516658151
random,voronoi,event,0.0,100.0,kinematic,0,200,200,199,0.995,1,80,0.725,74.975,2.39,33,10.36815649899836,26.963090002482204,11.859383564926134,0.14442147467407976,7.994471999836605,3061.9095477386927,3057.6999999999994,28.692210920009416,112.59585429764256,13326.580524011995,12623.376659882191,69.17434865770439,-161.5105719670969,0.445,0.05442549991130363,3.790436567975062,0.962252550993166
random,voronoi,event,0.0,200.0,kinematic,0,200,200,199,0.995,1,92,0.66,38.335,1.505,19,8.81247550171338,20.586568999533483,8.908629820006695,0.2181005351700382,13.179797000020699,3077.5879396984906,3073.2999999999984,23.17813414999364,141.8553571638806,13326.580524011995,12667.651966573776,69.20374417472647,-168.13310541662798,0.465,0.09900750001179404,2.791164386339686,0.960452001637076
random,voronoi,event+pred20,20.0,20.0,kinematic,0,200,200,199,0.995,1,30,0.89,374.885,6.85,136,23.482980498783945,66.22069899867711,29.181260154894062,0.06425579566430611,18.194644000232074,3134.9748743718587,3130.7999999999993,66.92510194499732,49.10407442438271,13389.983026537115,12684.380395314842,69.12298242434125,-152.3496261666974,0.465,0.048986999900080264,9.203605785158782,0.9578091023551292
random,voronoi,event+pred20,20.0,50.0,kinematic,0,200,200,199,0.995,1,39,0.845,152.31,3.86,65,16.202103999432893,38.9425079990815,17.83274959504695,0.10547041025390225,12.234441999680712,3196.6331658291424,3191.9999999999964,43.02159537001671,77.62512255521504,13389.983026537115,12766.769344385157,69.29736460457337,-145.25699828405212,0.495,0.0518414999532979,5.514908773511831,0.9521653070988152
random,voronoi,event+pred20,20.0,100.0,kinematic,0,200,200,199,0.995,1,49,0.815,76.56,2.605,32,10.5994575008026,29.181539000546763,12.757374850119731,0.1510656811778026,10.776150999845413,3168.844221105526,3164.599999999998,29.878419269992946,112.25834386387623,13389.983026537115,12747.03251486476,69.19499198945896,-152.55286979878287,0.51,0.05597649987976183,3.9414513633571424,0.9541150579865522
random,voronoi,event+pred20,20.0,200.0,kinematic,0,200,200,199,0.995,1,74,0.73,39.205,1.75,18,8.89407500096695,21.281082000541574,9.439173235022622,0.2406543055555075,7.960253999954148,3179.4974874371837,3174.6999999999975,24.043059144998438,140.41542510509726,13389.983026537115,12766.351416571659,69.17733110467833,-167.43997101753962,0.525,3.7412369997582573,2.86063175985292,0.9528801944730021
random,voronoi,event+pred50,50.0,20.0,kinematic,0,200,200,199,0.995,1,31,0.88,386.28,9.95,150,26.82843349907671,73.8441559972216,32.299548999778835,0.06987155181575638,13.045098999782567,3280.100502512561,3275.599999999998,71.0104994850036,48.58884310675774,13521.776586178485,12828.15306147033,69.11684938840372,-152.44633351836043,0.63,0.04949000003762194,9.94304208023391,0.9489144050920534
random,voronoi,event+pred50,50.0,50.0,kinematic,0,200,200,199,0.995,1,29,0.895,155.65,4.765,63,16.81859450002321,42.228148998901816,19.047067725242073,0.10947322684869064,8.86716900004103,3275.7286432160768,3271.3499999999967,44.593062364997984,76.79452227228413,13521.776586178485,12878.338885708748,69.34796765062828,-172.23176491016704,0.655,0.052230000051167735,5.773060161816264,0.9458429192680363
random,voronoi,event+pred50,50.0,100.0,kinematic,0,200,200,199,0.995,1,37,0.85,77.915,3.1,29,13.548679498853744,26.08948700003566,13.261380190015757,0.15771816033268182,9.404250999978103,3222.3115577889434,3218.199999999999,30.849503165009082,110.36245380543296,13521.776586178485,12805.833796845172,69.19177197580916,-152.44633351836052,0.62,0.05791599994608987,4.05220592218294,0.9490102985488589
random,voronoi,event+pred50,50.0,200.0,kinematic,0,200,200,199,0.995,1,56,0.78,40.11,2.045,13,9.079159001203152,23.8662480005587,10.279737589917204,0.24558543056072166,7.914161000030617,3297.788944723615,3293.2999999999965,25.518781604993706,137.01636529788132,13521.776586178485,12863.972839606768,69.13185350923547,-167.33204852645946,0.615,3.7774984999714434,3.0364862813367597,0.9456812105780492
random,voronoi,event+pred100,100.0,20.0,kinematic,0,200,200,194,0.97,6,25,0.895,408.92,16.6,208,33.06496200116271,92.39777800075899,39.59026237488558,0.08267895596611988,18.644213999778003,3657.2164948453546,3629.999999999994,81.60078983999824,46.934335853306,13626.427210589347,13102.13786600695,102.5477957299834,-130.49105079831136,0.77,0.05146149999291083,10.918077245989318,0.9363705076665609
random,voronoi,event+pred100,100.0,50.0,kinematic,0,200,200,194,0.97,6,32,0.87,165.59,8.355,85,20.27646050214571,51.63576000086323,23.690146194815043,0.12491986730398028,16.36071699999775,3691.2886597938095,3658.3999999999955,51.69901448999497,74.55608026719382,13626.427210589347,13173.167887048552,102.68747474302944,-161.45165097427358,0.725,0.05355600012535433,6.475082481522431,0.9338164238750069
random,voronoi,event+pred100,100.0,100.0,kinematic,0,200,200,194,0.97,6,46,0.845,83.025,5.335,53,14.231088998826635,38.86214899944207,16.53712186493692,0.18505886089415768,7.970703000069079,3655.7731958762815,3623.8999999999937,35.87960220999605,106.83757929608294,13626.427210589347,13144.124127214356,102.47550177139567,-151.15378820632398,0.705,0.06164649983020354,4.533198446888403,0.9355624154245639
random,voronoi,event+pred100,100.0,200.0,kinematic,0,200,200,194,0.97,6,63,0.77,42.285,3.34,29,11.686756000244714,25.840188999382008,12.31043057505417,0.28359658262084597,8.222052999940388,3644.639175257724,3614.0999999999926,28.85082727000224,133.0943016969948,13626.427210589347,13117.489561578424,102.50281406288865,-164.00396790874032,0.61,3.8261104997445727,3.3345691533034145,0.937574618726301
random,voronoi,event+pred150,150.0,20.0,kinematic,0,200,200,199,0.995,1,17,0.92,434.285,22.73,383,41.94552400315388,115.00215100295463,47.96405867014811,0.09487432188643596,12.232057000005625,3938.6934673366736,3931.89999999999,92.43380710498626,44.82792977883656,13979.283152951055,13562.538123574526,69.12394507621732,-164.8509144463265,0.86,0.053132499999719585,12.454697147520166,0.9030666808656425
random,voronoi,event+pred150,150.0,50.0,kinematic,0,200,200,199,0.995,1,22,0.895,172.94,11.69,130,24.068439999723523,64.92919199922653,27.754909455027246,0.1384838585823674,16.321850999702292,3858.8944723618033,3852.2999999999943,57.04194410000355,72.33359213646786,13979.283152951055,13508.75544548249,69.25811213611281,-144.57205271656437,0.79,0.057523499890521634,7.266766269019654,0.904555552138906
random,voronoi,event+pred150,150.0,100.0,kinematic,0,200,200,199,0.995,1,30,0.865,86.91,6.98,67,17.684372500639256,41.86883399961516,18.998142460021654,0.19897437903062393,8.367458000066108,3809.2462311557715,3802.8999999999924,39.37785341000506,102.91206390946105,13979.283152951055,13518.9267369474,69.06150849106137,-134.86292233873075,0.77,0.06679849991542142,5.090381137746904,0.904913917514315
random,voronoi,event+pred150,150.0,200.0,kinematic,0,200,200,199,0.995,1,55,0.765,44.785,4.295,47,12.874540499637988,31.298570999751973,14.541585179957224,0.2943439073516257,8.004233000065142,3932.1608040200895,3924.999999999989,32.393812399995454,131.11607196665017,13979.283152951055,13560.621596775132,69.04024520927906,-167.3249877326365,0.65,3.833441500034951,3.6138758409084706,0.9044111762831735
random,voronoi,event+pred200,200.0,20.0,kinematic,0,200,200,196,0.98,4,19,0.92,456.875,31.48,455,46.96216250226826,120.09115300179474,55.84401732985669,0.10573572241023135,9.745945000076972,4253.061224489782,4220.099999999986,102.91107299000032,43.67426171651034,14106.026583727964,13995.619294993763,94.76125399441565,-139.06573126108714,0.87,0.056735499924798205,13.645098890586977,0.8836916268471068
random,voronoi,event+pred200,200.0,50.0,kinematic,0,200,200,196,0.98,4,20,0.915,182.995,15.78,211,30.09871350150206,81.31047400229363,34.49112119003928,0.16278495097050527,29.759824000393564,4235.051020408157,4200.999999999994,66.27752676999364,68.13656443669055,14106.026583727964,13920.761234982963,94.92645024195274,-140.1598698508032,0.855,0.062129499838192714,8.456015185318204,0.8872572723469939
random,voronoi,event+pred200,200.0,100.0,kinematic,0,200,200,196,0.98,4,34,0.865,92.385,9.94,116,21.757386000217593,52.378785000883,23.577618860200573,0.23000995840849997,8.651502000020628,4246.32653061223,4214.199999999985,46.013606989997136,98.56915098757909,14106.026583727964,13911.587292786506,94.71878181761278,-177.9081715879086,0.785,0.09588499995061284,5.66525107601179,0.8878211420154609
random,voronoi,event+pred200,200.0,200.0,kinematic,0,200,200,196,0.98,4,42,0.825,47.525,6.32,55,13.488879499789164,38.31140900001628,16.870179500015183,0.3157547458669021,11.226543000020683,4274.999999999984,4244.699999999984,36.101832334991855,127.13321692689561,14106.026583727964,14068.568801269606,94.75046215138863,-133.5442906907295,0.7,3.866023500222582,3.930021254730275,0.8807374780699854
random,prm,once,0.0,20.0,kinematic,0,200,200,195,0.975,5,226,0.395,3.0,0.0,0,6.352493000349568,13.746652000008908,5.204247935000694,2.1174976667831893,13.697873000069194,3396.717948717945,3389.0999999999967,17.89657220499805,213.55967062718494,12601.626096269456,12363.807139263623,98.7299118543407,-179.00504376968593,0.28,6.087008999998034,1.256093249877133,0.988077272366317
random,prm,cycle,0.0,20.0,kinematic,0,200,200,195,0.975,5,73,0.695,338.965,29.975,1659,175.14490649966774,652.6618660001304,235.73518117984293,0.5267051278294983,24.68950100001166,2656.102564102566,2649.2000000000016,271.1963994299873,14.891490875204376,12601.626096269456,12276.073633031927,98.70998630115872,-171.07393866809116,0.385,5.945795499997075,82.66994490301455,0.9923876314555851
random,prm,cycle,0.0,50.0,kinematic,0,200,200,195,0.975,5,81,0.685,136.27,11.3,647,66.65903900034209,263.1821020008829,93.70335526497854,0.5149253550799806,29.846683999949164,2645.435897435896,2638.6499999999987,116.17245613000478,32.51813326858094,12601.626096269456,12267.615396497298,98.85236848572308,-168.46340094805333,0.41,6.0109150000471345,32.79839964016029,0.9935912145436052
random,prm,cycle,0.0,100.0,kinematic,0,200,200,195,0.975,5,90,0.65,69.14,5.655,383,36.46222250000619,144.98281400005908,49.76555351492493,0.5437738352146122,19.559532000130275,2669.4358974358984,2662.1000000000004,65.19970371998568,55.974972911192026,12601.626096269456,12297.839907572881,98.70164751728433,-172.34506300621257,0.405,5.955511500019384,17.21541901390045,0.9914623038537002
random,prm,cycle,0.0,200.0,kinematic,0,200,200,195,0.975,5,116,0.6,35.6,2.675,221,22.848069498934365,73.18343500014635,26.495714954954792,0.6298033648682896,14.737123000031715,2717.230769230769,2709.7,39.65841794001392,87.96921463776235,12601.626096269456,12353.76293801547,98.70229260204336,-178.03403381613947,0.42,6.1344394999878205,9.03061046046801,0.9879435861926897
random,prm,cycle+pred20,20.0,20.0,kinematic,0,200,200,195,0.975,5,40,0.83,343.665,34.915,1877,201.66750449982374,702.3201099973448,267.01119386522294,0.6073349617886079,24.834440999939034,2720.7179487179505,2711.8000000000015,303.2455292149996,14.072231797493444,12671.870299176455,12443.639471058144,98.71930890327721,-166.6512137657964,0.445,6.013453500031574,90.3222517664156,0.9808103162221192
random,prm,cycle+pred20,20.0,50.0,kinematic,0,200,200,195,0.975,5,52,0.795,138.91,13.895,861,77.06420100038258,285.4804869982672,110.14659314495363,0.57518975156828,20.215444000314164,2731.743589743588,2722.8999999999983,133.31313420500408,30.082132284962668,12671.870299176455,12456.974006419405,98.86791803687034,-168.5116120390586,0.48,6.050770499768987,36.824422218886845,0.9805086786476157
random,prm,cycle+pred20,20.0,100.0,kinematic,0,200,200,195,0.975,5,75,0.71,70.12,6.6,436,40.10117500024535,158.5834010002145,56.35097240993332,0.6051914230712396,24.25760200003424,2753.23076923077,2744.3000000000006,72.23715037499346,53.60818330157711,12671.870299176455,12481.976726985838,98.72366672453414,-168.9597393272115,0.46,6.00546250007028,18.628523926254353,0.9796009088255133
random,prm,cycle+pred20,20.0,200.0,kinematic,0,200,200,195,0.975,5,98,0.63,36.125,3.18,246,22.519863500406245,74.51006799919924,30.068096229972525,0.6490529142758564,19.437910999840824,2776.1025641025635,2767.0999999999995,43.35626779499535,84.01668401215652,12671.870299176455,12513.73041040723,98.71591230140356,-169.19897171016748,0.44,6.131668499961052,9.877815201376592,0.9775262386706433
random,prm,cycle+pred50,50.0,20.0,kinematic,0,200,200,194,0.97,6,41,0.84,349.68,42.135,2563,233.31733050088133,908.7497690002238,312.1195087750624,0.6650263345556274,24.49153000009119,2811.1340206185578,2806.500000000002,349.6478158299942,13.146831899947326,12772.848148267873,12630.41316742973,108.68291590516642,-167.81725743147172,0.585,5.972637000013492,100.45127551648093,0.9682879311892573
random,prm,cycle+pred50,50.0,50.0,kinematic,0,200,200,194,0.97,6,41,0.825,140.315,16.12,1000,97.23933699922327,336.41521500010185,123.38638669494173,0.6866686171912433,22.536564999882103,2802.371134020617,2796.4499999999985,146.74452972999575,28.606442356478645,12772.848148267873,12598.098795199707,108.8361176292321,-171.41027337687433,0.56,6.026752000025226,40.321365336300346,0.9707853498705035
random,prm,cycle+pred50,50.0,100.0,kinematic,0,200,200,194,0.97,6,49,0.795,71.0,7.695,534,46.86874800006535,172.04334399957588,62.67588093006111,0.6771731742788877,22.67758900006811,2811.649484536083,2804.5000000000005,78.97378798500824,50.5825356242428,12772.848148267873,12613.354526661982,108.6860415833387,-175.0491625856571,0.56,6.029714000078457,20.327213494588143,0.9703301240911935
random,prm,cycle+pred50,50.0,200.0,kinematic,0,200,200,194,0.97,6,87,0.67,36.395,3.455,335,25.51917100032597,82.57953999986967,31.93656965496757,0.7339879457307267,15.21501300021555,2813.814432989691,2807.3,45.362386434990746,80.11150652333008,12772.848148267873,12597.448638086664,108.64966277915553,-168.9597393272113,0.485,6.108151000034923,10.389333240968602,0.9706420326281788
random,prm,cycle+pred100,100.0,20.0,kinematic,0,200,200,184,0.92,16,50,0.795,347.88,45.54,4190,265.03281449686256,835.8068219984034,324.7536077449138,0.7403186855956609,28.610667000066314,2876.956521739132,2858.300000000001,362.0804137900109,13.168005380697636,12758.299111058479,12612.036198865986,174.12253132557112,-167.77079481007524,0.685,5.842488499979481,102.7290098867837,0.9819733043341818
random,prm,cycle+pred100,100.0,50.0,kinematic,0,200,200,184,0.92,16,55,0.78,141.12,18.315,1726,107.98459749867106,359.5786789983322,134.30836531023488,0.7773716759732187,26.20225800001208,2899.1304347826062,2878.899999999998,158.36743616000376,27.99089565587963,12758.299111058479,12685.523344134119,174.2813256429129,-168.12305572060063,0.69,5.9293265001088,41.9731999348952,0.9789253417884335
random,prm,cycle+pred100,100.0,100.0,kinematic,0,200,200,184,0.92,16,53,0.79,71.05,8.73,836,55.363058998977976,174.76576299804947,67.86955763008393,0.7503235052449551,23.55222500000309,2874.2391304347834,2855.9000000000005,84.03850178499681,49.28814713108623,12758.299111058479,12661.112188946854,174.14613980666036,-174.16627552194598,0.69,5.986397000015131,21.637198604364272,0.9785210228110779
random,prm,cycle+pred100,100.0,200.0,kinematic,0,200,200,184,0.92,16,70,0.715,36.685,4.08,485,28.477173000510447,87.23120399940854,35.39421472498191,0.7936768345941363,22.873821000075623,2972.9347826086946,2944.599999999999,49.21210112500148,79.51286690658797,12758.299111058479,12724.596607467693,174.14820969691652,-171.73998123114842,0.615,6.039211999961935,10.776255019331707,0.9785580930306301
random,prm,cycle+pred150,150.0,20.0,kinematic,0,200,200,176,0.88,25,56,0.77,350.38,50.37,6188,259.2399239979386,910.2973950048181,344.65800397984594,0.7628895173596133,30.51795499993659,3018.409090909091,2972.1000000000004,382.42279101000975,13.47475335532737,12794.34725189634,12745.557283782104,239.41506485072807,-167.77079481007524,0.67,5.733420999945338,103.40104292402597,0.9956226192411722
random,prm,cycle+pred150,150.0,50.0,kinematic,0,200,200,176,0.88,25,57,0.775,141.495,19.85,2479,104.94416850019661,385.6178069968337,140.96389088481658,0.7717078719214215,27.8917509999701,3014.9431818181793,2974.399999999998,165.4443981099996,28.57968726761545,12794.34725189634,12745.976278159518,239.52795327753057,-168.12305572060063,0.675,5.764727500036315,42.31920542577262,0.9947950386441855
random,prm,cycle+pred150,150.0,100.0,kinematic,0,200,200,176,0.88,25,60,0.77,71.94,9.78,1199,65.46967249937552,198.06898600063505,73.55794461508424,0.8465490104521418,27.786289000005127,3070.1136363636356,3020.0999999999995,90.5818862300066,50.00805382850751,12794.34725189634,12842.729765798878,239.426949953277,-179.00504376968664,0.705,5.819377999955577,21.853014485052373,0.9907582352303003
random,prm,cycle+pred150,150.0,200.0,kinematic,0,200,200,176,0.88,25,81,0.685,36.93,4.545,631,32.75543149959503,100.68143500006954,38.15128549497672,0.8509370134569338,27.72542100001374,3053.863636363635,3015.199999999999,52.39388769499384,79.63374740164969,12794.34725189634,12787.293331707786,239.45625115955653,-179.00504376968803,0.63,5.839144999754353,11.353952849224857,0.9951046946213524
random,prm,cycle+pred200,200.0,20.0,kinematic,0,200,200,167,0.835,35,60,0.745,348.04,48.765,8226,264.65999549930075,936.2704329969347,333.3016294398891,0.8098172587821011,31.30254600000626,3094.8502994011983,3012.1000000000013,371.2150225250116,14.517677686572489,12707.393960606085,12673.086501779922,311.69953076754996,-167.77079481007524,0.68,5.592673000137438,99.53209375548002,1.0219288381733675
random,prm,cycle+pred200,200.0,50.0,kinematic,0,200,200,167,0.835,35,66,0.74,141.16,19.25,3330,108.67812300057267,359.1225810002925,135.6574473649863,0.8036018319255145,31.8639780000467,3107.005988023949,3041.799999999997,160.2587925050102,30.24065278143459,12707.393960606085,12760.933764794789,311.78813795714206,-172.91639074449625,0.66,5.629221999924994,40.294296528287184,1.0160872493453625
random,prm,cycle+pred200,200.0,100.0,kinematic,0,200,200,167,0.835,35,60,0.745,71.54,9.52,1636,56.94195799924273,195.93956999983675,70.35042548011631,0.8292455884951998,23.910762000014074,3132.5748502994006,3049.4999999999995,87.58633751500041,53.030353999315885,12707.393960606085,12758.034953850576,311.67509324755565,-172.2272028938018,0.685,5.760247499893012,20.674442985893258,1.0176177491661091
random,prm,cycle+pred200,200.0,200.0,kinematic,0,200,200,167,0.835,35,72,0.71,37.16,4.64,851,33.338971500427306,96.06332399960138,38.31524511497662,0.8809612212857656,22.039843999891673,3205.029940119759,3127.099999999999,52.90686222999966,81.89250454781295,12707.393960606085,12882.224498762522,311.69356744615396,-175.64464338971186,0.605,5.740334500046629,10.902954827949943,1.0124888628359843
random,prm,event,0.0,20.0,kinematic,0,200,200,195,0.975,5,73,0.71,349.115,2.925,1256,22.02919600392761,91.82941399876654,30.388012909784266,0.06349527895897895,22.83828800000265,2834.666666666668,2823.300000000001,64.5049043850031,48.74843520262116,12601.626096269456,12375.555239103829,98.7300292789539,-171.07393866809116,0.39,0.027307499976814142,10.241403159585175,0.9858716021839136
random,prm,event,0.0,50.0,kinematic,0,200,200,195,0.975,5,89,0.685,139.0,1.845,506,15.645715000232485,48.79384499645312,19.6879041100658,0.11946450352398492,18.28996200003985,2768.4102564102545,2758.5499999999984,41.546011154994176,73.5956982918729,12601.626096269456,12307.797746005892,98.86959659880607,-168.46340094805333,0.405,0.03245299996024187,6.859382754418281,0.990860007138102
random,prm,event,0.0,100.0,kinematic,0,200,200,195,0.975,5,99,0.64,70.505,1.435,303,14.018219500030682,36.970021000115594,15.527229855005658,0.204749863650539,15.924445999985437,2784.410256410257,2774.2000000000007,30.791849855004898,101.63374436692986,12601.626096269456,12333.684240496028,98.70013270216525,-172.34506300621257,0.4,0.04435900012822458,5.370538060954757,0.9888564397924458
random,prm,event,0.0,200.0,kinematic,0,200,200,195,0.975,5,116,0.61,36.14,0.97,174,12.681675000521864,29.135076001239213,11.887570165066563,0.33500912893232815,14.611016999992898,2819.6923076923076,2809.6,24.823021994996566,128.65963746042033,12601.626096269456,12381.493723188345,98.71631660708505,-168.9597393272113,0.42,0.13350550000268413,3.9851514315855256,0.9866214281746576
random,prm,event+pred20,20.0,20.0,kinematic,0,200,200,195,0.975,5,41,0.835,352.375,2.96,1308,23.360662500522267,88.56399100068302,31.29172020987596,0.06379635064495058,22.82224300006419,2862.9743589743603,2849.7000000000016,65.67620109000075,48.830102661223115,12671.870299176455,12492.370692342321,98.70952622192371,-172.14987203996606,0.42,0.02737800002705626,10.4767057857203,0.9775387242997426
random,prm,event+pred20,20.0,50.0,kinematic,0,200,200,195,0.975,5,60,0.77,141.89,2.175,594,16.206821998309806,67.1972190014003,22.30559490998189,0.12518727920814465,24.643900999990365,2858.4615384615363,2845.4499999999975,44.854054635007394,71.81061175348859,12671.870299176455,12479.618853938373,98.87987991355061,-168.5116120390586,0.465,0.036512000065158645,7.464665603220515,0.9784774385218953
random,prm,event+pred20,20.0,100.0,kinematic,0,200,200,195,0.975,5,82,0.7,71.465,1.555,364,14.000431999591001,45.36079699937545,16.694586824978046,0.20602886567601997,18.54292899997745,2854.9743589743593,2843.5000000000005,32.224450490011236,100.2710445250077,12671.870299176455,12483.181977505306,98.7324328096084,-168.9597393272115,0.45,0.04641199990373934,5.626675821839158,0.9787662637363758
random,prm,event+pred20,20.0,200.0,kinematic,0,200,200,195,0.975,5,105,0.635,36.695,1.12,217,12.884872999620711,31.51854799943976,13.182829585080071,0.33671081502099354,12.679466000008688,2862.1538461538457,2850.9999999999995,26.31188688501254,124.91737629073998,12671.870299176455,12517.380308584583,98.73501962454533,-168.9597393272113,0.435,5.471589500075424,4.361371031579794,0.9774990435751821
random,prm,event+pred50,50.0,20.0,kinematic,0,200,200,194,0.97,6,49,0.815,360.79,3.22,1794,25.383504499700393,91.60561399744438,33.31333908492809,0.07599148301523612,20.829743999911443,3012.78350515464,2997.0000000000005,69.19370963000176,48.106821320393365,12772.848148267873,12707.609009582584,108.60564325498008,-167.81725743147172,0.605,0.02970599996388046,10.526999751239495,0.965069501725342
random,prm,event+pred50,50.0,50.0,kinematic,0,200,200,194,0.97,6,52,0.785,145.195,2.335,788,20.56983149878988,57.14385000010225,23.93459372489133,0.13874380568211442,24.29962499991234,3005.927835051544,2992.2999999999975,47.873026045010086,70.90542124856994,12772.848148267873,12658.665999746876,108.8188314995024,-173.85541053253132,0.59,0.03850049995435256,7.6786184243756495,0.96787137704575
random,prm,event+pred50,50.0,100.0,kinematic,0,200,200,194,0.97,6,55,0.785,72.7,1.835,409,15.392934999226782,41.457707000859045,18.95502201498175,0.23437683595806102,19.370094000009885,2954.1237113402062,2942.5,35.01904637500331,97.41955202732053,12772.848148267873,12642.645136331585,108.71556926457372,-171.06515371381113,0.6,0.05807299999105453,6.104815469199475,0.9705724309491256
random,prm,event+pred50,50.0,200.0,kinematic,0,200,200,194,0.97,6,86,0.665,37.23,1.265,283,13.068293000060294,36.85929799985388,14.586906760039255,0.36296383323019216,16.745218999972167,2959.6907216494833,2948.699999999999,28.096507545000122,120.77999342974908,12772.848148267873,12689.651877099257,108.67817897347668,-168.9597393272113,0.49,5.623665500024799,4.669051482466386,0.9679084062303639
random,prm,event+pred100,100.0,20.0,kinematic,0,200,200,184,0.92,16,60,0.765,366.525,3.49,2916,29.953564001971245,102.68646600115972,35.64179359518221,0.07743732634957365,27.882281000074727,3168.043478260869,3130.9999999999995,72.5774247000021,48.21487123774472,12758.299111058479,12889.382164282699,174.18688067939325,-167.77079481007524,0.65,0.038919999951758655,10.964580575436788,0.9677285521104626
random,prm,event+pred100,100.0,50.0,kinematic,0,200,200,184,0.92,16,63,0.765,146.95,2.435,1238,21.260053999753836,61.019345999739016,24.46035046980171,0.14663173410545782,14.449476999971012,3152.336956521736,3119.2499999999973,48.711208445010925,72.24853665550668,12758.299111058479,12836.098815303887,174.25688863149438,-168.12305572060063,0.675,0.052741500098818506,7.518700694606533,0.9714772788241492
random,prm,event+pred100,100.0,100.0,kinematic,0,200,200,184,0.92,16,68,0.745,74.24,1.885,692,16.384592000235898,46.410990002186736,19.586220565107624,0.23268779668921855,23.84097100002691,3170.2173913043453,3127.4999999999977,36.68665206000355,98.19796562958904,12758.299111058479,12816.658539497894,174.15874736734605,-174.16627552194598,0.635,0.07667200009109365,5.929800084030031,0.9742268355983204
random,prm,event+pred100,100.0,200.0,kinematic,0,200,200,184,0.92,16,77,0.695,37.75,1.255,392,12.801955000327325,39.49215999989519,14.853962335005235,0.32749619999546686,23.17890599999828,3146.086956521737,3117.3999999999983,29.22663058000751,123.23440099170975,12758.299111058479,12753.701436308453,174.14646739660253,-171.73998123114842,0.58,4.860551000092528,4.441965073966952,0.9770941584582953
random,prm,event+pred150,150.0,20.0,kinematic,0,200,200,176,0.88,25,59,0.775,371.875,3.54,4110,31.147415501436626,86.68545900218305,36.395561869876474,0.0802811286766516,28.33227199994326,3349.5454545454527,3271.099999999999,73.96732390999546,49.322537323497606,12794.34725189634,13046.031063524682,239.43951635191695,-179.00504376968593,0.685,0.04864949994498602,10.507664074690197,0.9794139615832755
random,prm,event+pred150,150.0,50.0,kinematic,0,200,200,176,0.88,25,65,0.77,150.38,2.455,1850,21.335093499089908,63.28427599896713,25.020041819902303,0.14374553627605197,29.578119000007064,3372.3295454545414,3295.1499999999965,50.29564388500092,73.57032513584143,12794.34725189634,13029.01269644449,239.53923068187783,-174.46197251599128,0.665,0.06172199988441207,7.073621198042982,0.9820921285518333
random,prm,event+pred150,150.0,100.0,kinematic,0,200,200,176,0.88,25,76,0.71,76.17,1.92,953,17.827307500056122,49.73602700010815,20.430686025031264,0.21777311574048736,29.135850999864488,3381.0227272727234,3301.2999999999965,38.18336676001081,100.38741464976219,12794.34725189634,12996.86470217928,239.4307198571483,-179.00504376968664,0.635,0.0763159999905838,5.687283833228776,0.9858099462079043
random,prm,event+pred150,150.0,200.0,kinematic,0,200,200,176,0.88,25,84,0.68,38.29,1.42,523,12.971133000064583,41.6455540005245,16.41379546503174,0.35935307144947204,27.570333000085157,3278.9772727272693,3221.9999999999973,31.244172615001276,121.85142350265825,12794.34725189634,12835.060899732613,239.4605184779088,-179.00504376968803,0.6,5.305555000290951,4.651509916952915,0.9947891135755839
random,prm,event+pred200,200.0,20.0,kinematic,0,200,200,167,0.835,35,69,0.725,376.555,3.49,6397,31.38201549677433,91.67411699922923,37.72791549977683,0.08264203366668757,28.50716900002226,3606.7065868263426,3487.999999999996,77.23035077999668,50.88138720738059,12707.393960606085,13167.486537958313,311.6246304387192,-170.82706089021931,0.62,0.05757250005444803,10.255246012614219,0.9975529497543145
random,prm,event+pred200,200.0,50.0,kinematic,0,200,200,167,0.835,35,75,0.71,150.78,2.51,2525,22.170541999457782,60.889635000194176,26.146362340065252,0.15290040480407863,37.790890999986004,3569.161676646702,3452.849999999996,52.16096254500712,74.41782039785058,12707.393960606085,13082.562236808288,311.7427552394922,-175.69553807475745,0.615,0.06437350009491638,7.060964974679324,1.0013095634409466
random,prm,event+pred200,200.0,100.0,kinematic,0,200,200,167,0.835,35,75,0.71,76.995,2.065,1293,19.03681950096825,50.28254800004106,21.221408390068177,0.2427644463773223,27.109383000151865,3618.203592814365,3502.099999999995,40.16344713501496,102.66478869701987,12707.393960606085,13244.807716354653,311.67138947219087,-173.59122381818736,0.63,0.08556399984627205,5.521363732855806,0.9953746454966914
random,prm,event+pred200,200.0,200.0,kinematic,0,200,200,167,0.835,35,88,0.65,38.995,1.465,697,13.25206650005839,43.72794400046587,16.839202084980798,0.36673809045727135,27.189877999944656,3517.964071856282,3413.699999999995,32.78690394999785,124.29226581504237,12707.393960606085,13112.225037064323,311.68263186414987,-167.77079481007559,0.56,5.10937100011688,4.517960129810955,1.0044030399292423
random,visibility,once,0.0,20.0,kinematic,0,200,200,195,0.975,5,205,0.39,3.0,0.0,0,8.966804000237971,19.341326000358094,7.530859599995665,2.9889346667459904,31.386087000100815,2937.025641025642,2929.200000000001,18.60595730499881,194.16813081603271,11985.235821768003,11807.888882285468,98.7216952416215,-171.08673767353463,0.3,8.69238999996469,2.2328840993640573,1.0298645295363447
random,visibility,cycle,0.0,20.0,kinematic,0,200,200,195,0.975,5,113,0.585,351.435,47.455,2408,296.5741319966355,1340.795855003762,445.44594086484835,0.8629735236447589,53.6909069999183,2872.102564102564,2862.8,481.9747989199908,14.732250057117263,11985.235821768003,11831.875402517855,98.75711949358013,-178.62926295130453,0.38,8.709679000048709,133.9567449549276,1.0278144177521737
random,visibility,cycle,0.0,50.0,kinematic,0,200,200,195,0.975,5,123,0.565,141.395,18.005,1012,122.65626399869234,512.4580589999823,173.32540844998277,0.896857724157871,31.985361999886663,2868.974358974357,2859.999999999998,196.64215485000057,30.76626117109808,11985.235821768003,11828.532801043137,98.84701923550007,-177.29291077079336,0.38,8.653835499899287,52.380427706960084,1.0281535233529218
random,visibility,cycle,0.0,100.0,kinematic,0,200,200,195,0.975,5,133,0.555,71.31,8.57,524,59.6125999992978,262.7469919998475,86.65999826989434,0.8808041421427772,30.396846000030564,2864.923076923076,2855.8999999999996,102.64497417999394,53.06727885185447,11985.235821768003,11828.665852857286,98.71831810594209,-175.28626136242985,0.38,8.647622500006946,26.229425716464075,1.0280971436572939
random,visibility,cycle,0.0,200.0,kinematic,0,200,200,195,0.975,5,150,0.51,36.345,3.78,284,29.144855500248923,115.27248800052803,41.99771264506524,0.827401349580748,20.964483000057044,2849.7435897435885,2841.4999999999986,55.26667005001001,84.85175929336258,11985.235821768003,11824.909221824206,98.72675657532693,-178.34035049217314,0.385,8.693074000007073,12.794858513492978,1.0284730741552317
random,visibility,cycle+pred20,20.0,20.0,kinematic,0,200,200,195,0.975,5,103,0.62,353.94,50.925,2845,323.4116709996897,1389.7095100073784,469.78896918986834,0.9772742640652918,39.683088999936444,2906.153846153846,2896.1,506.87028078501334,13.929504103467718,11988.412987609636,11841.525913128773,98.75004924510064,-168.1392008797889,0.395,8.680008999817801,139.6358169583737,1.0270159722064582
random,visibility,cycle+pred20,20.0,50.0,kinematic,0,200,200,195,0.975,5,98,0.625,142.005,19.28,1087,127.4201694986914,534.2029329988236,182.53625550493837,0.9084765997793354,28.09731799970905,2874.820512820511,2865.6999999999985,205.85512586501068,28.793578851473708,11988.412987609636,11835.63580612405,98.85759725307612,-173.55388706127133,0.405,8.641002999979719,55.24587398705466,1.0275398719091546
random,visibility,cycle+pred20,20.0,100.0,kinematic,0,200,200,195,0.975,5,109,0.6,71.68,9.165,595,66.21152400100527,263.9318030032882,90.8845313048846,0.9241819147721215,31.295795000005455,2870.9743589743584,2861.7999999999993,106.93816375000324,49.4870810911297,11988.412987609636,11835.312601624613,98.7000516216082,-177.53818675080277,0.415,8.712317000004077,27.83886036709806,1.0275491220660589
random,visibility,cycle+pred20,20.0,200.0,kinematic,0,200,200,195,0.975,5,129,0.575,36.645,4.13,312,31.316954499686744,121.11408799887613,45.1400115099932,0.9147016290500912,16.825432999894474,2882.871794871793,2873.7999999999984,58.59045639501005,79.68132822417802,11988.412987609636,11830.900321979889,98.69803810784195,-178.12301720260388,0.41,8.643941999935123,13.648356831319314,1.0279579288998868
random,visibility,cycle+pred50,50.0,20.0,kinematic,0,200,200,194,0.97,6,98,0.625,358.91,55.71,4017,372.097433499448,1421.1391880021438,497.2905696002379,1.091679863425115,31.15552999997817,2973.6082474226796,2975.8999999999996,535.1513309550097,12.671226087990055,11963.535775644887,11832.537542096321,108.69606098209668,-164.8508604988104,0.455,8.486628499895232,145.70058803574983,1.0280612000596334
random,visibility,cycle+pred50,50.0,50.0,kinematic,0,200,200,194,0.97,6,97,0.625,143.835,21.105,1535,146.37306649984794,618.352351000226,195.9432461049346,1.0689765532338882,33.69124399978318,2933.350515463915,2937.0499999999975,219.95762248498863,26.517994569490316,11963.535775644887,11827.160488749496,108.84752664291636,-173.30321069094305,0.465,8.490240499952506,59.07859201804841,1.0284810519286571
random,visibility,cycle+pred50,50.0,100.0,kinematic,0,200,200,194,0.97,6,112,0.595,73.04,10.545,816,74.9578199989287,321.08530799905566,103.83099566493854,1.091192344153355,34.12877899995692,2971.5463917525763,2974.3999999999987,120.4532760749936,46.10803242816195,11963.535775644887,11824.227245165943,108.69528722210366,-176.37602681644148,0.46,8.551875000080145,30.39387439759209,1.028686291011073
random,visibility,cycle+pred50,50.0,200.0,kinematic,0,200,200,194,0.97,6,109,0.61,37.165,4.875,373,38.082860000258734,151.38042300100096,51.83689719501955,1.0901886800348275,23.10596600000281,2962.9896907216475,2967.399999999998,65.80506273999617,72.65473259917408,11963.535775644887,11819.770255117668,108.70596391579821,-176.57371135797104,0.43,8.62816699986979,15.322007578196454,1.029039677298699
random,visibility,cycle+pred100,100.0,20.0,kinematic,0,200,200,184,0.92,16,90,0.67,357.665,59.45,5348,415.710007497637,1430.6085530004111,519.6054318899166,1.2043582492167517,33.04444000002604,3008.586956521739,2990.5,557.3737096299936,12.990809423539433,11773.898485145099,11675.174557853132,174.10658751823962,-176.35048562343613,0.48,8.224638000001505,153.93351040087228,1.0522467564807638
random,visibility,cycle+pred100,100.0,50.0,kinematic,0,200,200,184,0.92,16,92,0.655,143.47,22.615,2117,170.5056564971983,562.6260359999833,204.26669343516326,1.2173427650307065,32.66311200002292,2987.7173913043453,2970.399999999998,228.80290293999792,26.23770312062579,11773.898485145099,11660.649471098242,174.2684270878729,-168.12305572060063,0.5,8.23804300006259,61.67962308209234,1.0535845092390774
random,visibility,cycle+pred100,100.0,100.0,kinematic,0,200,200,184,0.92,16,92,0.68,72.715,10.825,1118,83.40143650082155,271.14721699831534,101.69093418007606,1.2132986074804275,26.600718000054258,2997.934782608695,2978.6999999999994,118.25945806997879,45.998475410984064,11773.898485145099,11662.283307191266,174.13347736733212,-174.749487079792,0.52,8.218819500029895,30.55097032861875,1.053476421458332
random,visibility,cycle+pred100,100.0,200.0,kinematic,0,200,200,184,0.92,16,108,0.62,36.885,4.945,530,43.32897599908847,136.00427699998363,51.665463469928454,1.202894782144266,23.849648000009438,2997.7173913043466,2981.499999999998,65.87720624499752,72.75834862367049,11773.898485145099,11649.350212279865,174.11593408267856,-171.56596458316426,0.49,8.317730000044321,15.400150088448497,1.0546405565674917
random,visibility,cycle+pred150,150.0,20.0,kinematic,0,200,200,176,0.88,25,101,0.64,356.64,59.73,7637,436.31320199847323,1268.4092589988722,514.2928268849499,1.2677532483937277,27.773205000016787,3078.75,3049.9,552.9329879199946,13.072661804829922,11586.636336372392,11517.157864146564,239.4228293323453,-175.62504516952941,0.475,7.927571500147224,149.28978599506934,1.0827298127232599
random,visibility,cycle+pred150,150.0,50.0,kinematic,0,200,200,176,0.88,25,102,0.65,143.73,23.025,3016,169.2363360006084,516.9867379997868,204.29355516508167,1.2344023561504178,24.563877999980832,3067.4999999999973,3045.099999999997,229.00898214498795,27.168812789970843,11586.636336372392,11516.500453709827,239.55711083069465,-174.0883697715961,0.485,7.957039999837434,58.99639955057394,1.0825156136055218
random,visibility,cycle+pred150,150.0,100.0,kinematic,0,200,200,176,0.88,25,99,0.655,72.65,11.405,1468,87.73506099856831,252.0065969999905,104.5321344750613,1.23140135373208,21.468421000008675,3092.954545454544,3065.4999999999986,121.5560716699946,47.27971643077392,11586.636336372392,11510.960399083751,239.4282320516622,-178.62486582686972,0.495,7.952039000088007,29.969851582738553,1.0831652148912065
random,visibility,cycle+pred150,150.0,200.0,kinematic,0,200,200,176,0.88,25,116,0.61,37.135,5.11,756,44.637642000452615,128.74879100058934,51.66112983502615,1.2121369189369058,21.400080999910642,3085.5681818181797,3072.6999999999985,66.0100042899802,75.37535080968674,11586.636336372392,11495.163823994808,239.40766881127092,-170.21133506218214,0.49,8.025955499988413,14.897563333098777,1.084510948525494
random,visibility,cycle+pred200,200.0,20.0,kinematic,0,200,200,167,0.835,35,118,0.605,358.645,58.84,10756,409.9045125012708,1267.502784998669,485.72715162018375,1.1840806205847567,32.06836099980137,3251.976047904191,3185.3999999999996,524.1801869650061,14.980107053969165,11381.895995754896,11374.882478818012,311.65929388290255,-172.63138037136636,0.475,7.64363000001822,134.2757029751255,1.1149406555612535
random,visibility,cycle+pred200,200.0,50.0,kinematic,0,200,200,167,0.835,35,107,0.62,143.59,22.245,4118,154.28164649893006,475.6347410007038,190.45708107005453,1.1272827913866459,25.640717999976914,3209.401197604787,3143.849999999997,215.4720302199911,29.509476383939763,11381.895995754896,11358.482286546496,311.77762883191104,-172.43177074244068,0.475,7.704972499936957,53.61493215642885,1.1162653384242913
random,visibility,cycle+pred200,200.0,100.0,kinematic,0,200,200,167,0.835,35,106,0.61,72.32,10.725,1990,81.22207050007546,240.18181800033744,97.0063783050972,1.1289032161870558,29.297530999997434,3167.9041916167657,3111.6999999999994,114.0990744549913,50.41261471003002,11381.895995754896,11344.10335475582,311.68270289652065,-172.7773166297463,0.485,7.731137999940074,27.789888774881952,1.1177951761342906
random,visibility,cycle+pred200,200.0,200.0,kinematic,0,200,200,167,0.835,35,117,0.58,36.935,4.945,985,41.60234399961382,127.49712200115937,49.45489685999802,1.0493961871046853,24.788303999912387,3154.371257485028,3104.099999999998,63.963545049999766,78.42433913270354,11381.895995754896,11319.627773460423,311.64515326965403,-169.4555516103996,0.485,7.827569500022946,14.099500664425353,1.1197410842558875
random,visibility,event,0.0,20.0,kinematic,0,200,200,195,0.975,5,104,0.62,353.305,8.905,2086,66.82356600219919,284.4558169986158,96.36395433471819,0.18102776447821173,37.08140100002311,2907.3846153846152,2897.3,131.66038391499455,33.25425646402358,11985.235821768003,11829.47831120842,98.74239164230592,-177.20541440269926,0.385,0.03762400001505739,30.915565449512915,1.0280777136483767
random,visibility,event,0.0,50.0,kinematic,0,200,200,195,0.975,5,109,0.61,140.935,5.595,857,46.03208999856179,189.93201400144244,61.64846855008136,0.3155772666598923,47.73840500001825,2845.3333333333317,2837.0499999999984,84.22247443501135,51.56036127540642,11985.235821768003,11825.48077169593,98.8470269221076,-175.27284294098376,0.4,0.05277150000893016,20.09606110775011,1.0283736548700178
random,visibility,event,0.0,100.0,kinematic,0,200,200,195,0.975,5,118,0.585,70.925,3.545,430,29.007134499465792,117.05481399849305,40.60497685982227,0.4261976937922023,21.57705800027543,2825.435897435898,2817.5000000000005,56.423107859993145,74.73872860485002,11985.235821768003,11824.065885851034,98.70531947775874,-175.15247219193617,0.41,0.06710850016133918,13.267728962885938,1.028464362222155
random,visibility,event,0.0,200.0,kinematic,0,200,200,195,0.975,5,137,0.53,36.04,1.925,237,18.973508499243508,74.47756799956551,25.13212767498601,0.5538301214348869,17.86859200001345,2802.76923076923,2795.6999999999994,38.19915068499199,103.01560504677587,11985.235821768003,11819.918738345075,98.72511340436209,-178.34035049217314,0.405,8.562054499918759,8.268073106431553,1.0288610711892199
random,visibility,event+pred20,20.0,20.0,kinematic,0,200,200,195,0.975,5,89,0.65,354.425,8.65,2235,65.83831199839096,266.90499599999384,92.51783648025537,0.1815571036205233,34.0061209999476,2916.7179487179487,2906.5,127.63825713499158,33.16640797190419,11988.412987609636,11834.870001445743,98.73017575529296,-167.20863625568336,0.455,0.03899399996498687,30.24482679186763,1.0275587079572743
random,visibility,event+pred20,20.0,50.0,kinematic,0,200,200,195,0.975,5,88,0.665,142.655,5.885,871,45.60570600040137,191.60979299942937,62.97732262006719,0.3096248263836851,28.694297000015467,2905.384615384613,2895.4999999999977,85.96767164501159,50.62028440475156,11988.412987609636,11835.026668137221,98.85221685911516,-176.0166080220028,0.47,0.05188099999031692,20.103517786699495,1.0276226949540228
random,visibility,event+pred20,20.0,100.0,kinematic,0,200,200,195,0.975,5,100,0.635,71.72,3.775,473,29.006915501327057,119.96373400120319,42.77254870991499,0.42701963332288684,28.002232000062577,2871.3846153846152,2862.3,58.56663650498945,73.64662618809982,11988.412987609636,11832.33494667253,98.72455484436833,-178.97857692216783,0.46,0.06753549996574293,13.871128112028412,1.0278041177884096
random,visibility,event+pred20,20.0,200.0,kinematic,0,200,200,195,0.975,5,118,0.6,36.465,2.04,267,19.68597300020747,72.34791300015786,26.47192035995829,0.6006821989230096,21.651799999972354,2851.692307692307,2843.3999999999996,39.68980481500296,98.70794622950915,11988.412987609636,11827.468705722531,98.72528527041868,-175.0616797309883,0.435,8.46308500001669,8.674501293690833,1.02821629512801
random,visibility,event+pred50,50.0,20.0,kinematic,0,200,200,194,0.97,6,92,0.64,359.855,9.2,3237,62.507726999001534,283.0782740024915,96.52169791478285,0.19337850639269288,33.33649199998945,2985.051546391752,2987.5999999999995,132.3389863449927,33.33090582067116,11963.535775644887,11825.413359587654,108.70619688985138,-170.31152578780126,0.49,0.04696949997651245,30.24974868668637,1.028598909666343
random,visibility,event+pred50,50.0,50.0,kinematic,0,200,200,194,0.97,6,92,0.655,144.705,5.9,1253,48.66012450042945,176.24611999872286,63.302130185041385,0.33644115580067563,22.28617899982055,2971.907216494843,2974.5999999999976,87.00785830500081,50.57393371921203,11963.535775644887,11819.11665639687,108.81753151814485,-172.24581019809162,0.485,0.05788750013380195,19.98305953554013,1.0291703627125817
random,visibility,event+pred50,50.0,100.0,kinematic,0,200,200,194,0.97,6,103,0.625,72.82,4.025,672,35.87921349867429,128.87782200050424,45.114836885019834,0.4821500847293483,21.19794999998703,2949.072164948453,2952.5999999999995,61.33174254498499,71.60021411353287,11963.535775644887,11819.609747351546,108.65496361328616,-176.37602681644148,0.485,7.637483499934206,14.221328779072188,1.0290304076836336
random,visibility,event+pred50,50.0,200.0,kinematic,0,200,200,194,0.97,6,111,0.605,37.175,2.34,326,25.935200499134226,79.10224699958235,29.82180547995256,0.6694222467852995,25.1659739999468,2971.3402061855654,2971.1999999999985,43.69744632500841,93.96925531529334,11963.535775644887,11817.716082241246,108.68926780407928,-176.57371135797104,0.465,8.472110500065355,9.31391190169039,1.029273605244306
random,visibility,event+pred100,100.0,20.0,kinematic,0,200,200,184,0.92,16,99,0.67,364.48,9.09,4382,67.83113450126166,297.07990699785114,93.25266281002656,0.18341869254022763,39.28016499992282,3133.36956521739,3128.199999999999,130.37875739500578,34.74401208556639,11773.898485145099,11672.305340159917,174.11227501535578,-176.35048562343613,0.485,0.05127700012508285,28.061484205696207,1.0525093520804503
random,visibility,event+pred100,100.0,50.0,kinematic,0,200,200,184,0.92,16,106,0.675,145.935,5.83,1776,46.589169000867514,177.54875400032688,61.90522706502179,0.3144216773906858,25.984007999795722,3090.8695652173883,3077.599999999997,86.07615592999082,51.84761152838022,11773.898485145099,11659.793635410155,174.26391062801028,-175.778063796229,0.505,0.05866849994617951,18.895710796271818,1.0535085039548306
random,visibility,event+pred100,100.0,100.0,kinematic,0,200,200,184,0.92,16,93,0.69,73.575,4.06,878,35.327006499301206,126.13127899976462,44.8274257900448,0.44919609571772007,21.26183499990475,3085.543478260868,3071.3999999999983,61.60378105499775,73.7147259078022,11773.898485145099,11660.423100019865,174.1090130184087,-170.33940167907127,0.54,6.9317534999981945,13.545310804082744,1.0534454247517364
random,visibility,event+pred100,100.0,200.0,kinematic,0,200,200,184,0.92,16,105,0.63,37.14,2.285,460,25.45647300019027,73.85703799877774,29.013456950002023,0.6366996763328341,37.43846099996517,3030.978260869564,3016.3999999999987,43.18606906501201,95.9281964621857,11773.898485145099,11648.899866853519,174.1102264016164,-174.81119654681754,0.485,8.140382499959742,8.972263123394384,1.0547668698118686
random,visibility,event+pred150,150.0,20.0,kinematic,0,200,200,176,0.88,25,93,0.675,369.855,7.855,5956,61.206166500880954,245.50623299728613,82.03793884987023,0.170317046643013,37.960786999974516,3328.522727272724,3299.4999999999973,119.76937685998452,37.23486361666742,11586.636336372392,11538.215269173925,239.40206905326093,-175.62504516952941,0.505,0.054104999890114414,23.348487963995332,1.0805095263016282
random,visibility,event+pred150,150.0,50.0,kinematic,0,200,200,176,0.88,25,102,0.66,147.44,5.555,2284,40.93648699995356,176.45639800161916,57.68867224509563,0.2792807486235379,23.1748300000163,3253.6363636363603,3215.0999999999967,82.4552826749914,54.76568616148715,11586.636336372392,11529.576029435928,239.53243124504843,-169.65181883738805,0.51,0.05936299993436478,16.42231885154646,1.0811247614069426
random,visibility,event+pred150,150.0,100.0,kinematic,0,200,200,176,0.88,25,104,0.64,74.59,3.97,1159,35.12971449958968,126.4874499988764,43.49137801493043,0.45082222518723114,22.624771999971927,3252.2727272727248,3232.899999999998,60.89788513501106,76.11069678726618,11586.636336372392,11535.996276664537,239.3976958339042,-178.62486582686972,0.505,6.802598500030399,12.237682172263032,1.080984961105563
random,visibility,event+pred150,150.0,200.0,kinematic,0,200,200,176,0.88,25,115,0.595,37.69,2.315,635,26.53110900007505,73.85000700014643,28.835753659990928,0.7123381208469651,29.758582999988903,3169.2045454545428,3160.6999999999975,43.67019287999824,99.12013454568833,11586.636336372392,11502.393445869075,239.41604930817357,-171.46251629358252,0.475,7.8637499998421845,8.388363361698302,1.0835566754141106
random,visibility,event+pred200,200.0,20.0,kinematic,0,200,200,167,0.835,35,102,0.61,374.11,7.69,8182,57.71721400287788,268.7056350014245,78.79550772504501,0.14627187032345706,27.771579000045676,3548.2634730538866,3453.8999999999946,117.50557143999913,40.03892293697786,11381.895995754896,11437.5996848595,311.70797374409085,-173.16044126406655,0.455,0.055320999990726705,20.58525394826175,1.1094834262932824
random,visibility,event+pred200,200.0,50.0,kinematic,0,200,200,167,0.835,35,102,0.62,149.085,5.32,3328,43.819809999490644,155.4245059983259,54.971402405035406,0.294225752486594,22.05380299983517,3465.2694610778403,3383.149999999996,80.6845258049907,57.01253183965193,11381.895995754896,11415.363030864566,311.7688132892112,-172.60311738963316,0.475,0.06441749985697243,14.670818650644133,1.1116268882595448
random,visibility,event+pred200,200.0,100.0,kinematic,0,200,200,167,0.835,35,106,0.61,74.5,3.58,1646,31.342139000685165,116.57514799730961,39.22881486992651,0.3974943067682389,20.20876500000668,3362.7544910179604,3296.2999999999965,56.965500495009,80.85749038742395,11381.895995754896,11386.164696138865,311.67946202319547,-167.7707948100756,0.465,0.096405499903085,10.80886339025775,1.1139220196718644
random,visibility,event+pred200,200.0,200.0,kinematic,0,200,200,167,0.835,35,115,0.61,37.78,2.325,847,24.198545999979615,77.7454049998596,28.42193497004132,0.625593387042466,22.0107380000627,3294.491017964068,3230.3999999999965,43.19702980500268,102.41532549783453,11381.895995754896,11347.71063314016,311.6838571903594,-178.9348364080307,0.495,7.644472000038149,7.941328034814038,1.1171909332411056
