Planner,Arm,Collision-free finishes /200,Completed,Strict /C,Buffer-only /C,Physical /C,RR contacts /F,RO contacts /F,Contacts /F,Episodes failed (no route),Robots stopped (replan >100 ms),Initial retries /run,Initial wait ms /run,Replans /run,Escape moves /run,Failed replans /run,Failed replan share,Blocked time %,Avg route alive ms,Longest route alive ms,Min replan ms (successful),Mean replan ms (successful),P95 replan ms (successful),Max replan ms (successful)
Voronoi,Event (ours) @ 20 ms,140/200,198/200,81/198,59/198,58/198,0.00,0.68,0.68,0/200,3,0.02,0,9.1,7.0,0.3,3.2%,0.03,518,4800,2.803,7.24,17.15,249.61
Voronoi,Full-path @ 20 ms,137/200,197/200,80/197,57/197,60/197,0.01,0.70,0.71,0/200,3,0.02,0,9.7,6.9,0.2,2.0%,0.02,513,4800,3.680,8.98,20.34,118.51
Voronoi,Event (ours) @ 100 ms,91/200,199/200,68/199,23/199,108/199,0.52,0.93,1.45,0/200,0,0.02,2,5.2,2.6,0.3,4.6%,0.11,789,4600,2.765,6.80,14.11,98.32
Voronoi,Full-path @ 100 ms,91/200,198/200,68/198,23/198,107/198,0.52,0.95,1.46,0/200,1,0.02,2,5.2,2.6,0.2,4.4%,0.10,791,4600,3.452,9.58,21.63,84.40
PRM,Event (ours) @ 20 ms,142/200,194/200,86/194,56/194,52/194,0.00,0.60,0.60,0/200,6,0.46,9,7.7,5.1,9.8,56.1%,0.91,560,4220,4.923,12.85,30.95,456.25
PRM,Full-path @ 20 ms,135/200,181/200,79/181,56/181,46/181,0.01,0.54,0.55,4/200,19,0.46,9,12.5,6.2,18.6,59.9%,1.87,433,3880,7.607,18.45,48.22,268.34
PRM,Event (ours) @ 100 ms,90/200,194/200,63/194,27/194,104/194,0.53,0.79,1.31,1/200,7,0.15,16,4.6,2.7,2.1,31.9%,1.05,781,4220,5.078,12.82,21.91,387.38
PRM,Full-path @ 100 ms,92/200,191/200,65/191,27/191,99/191,0.48,0.76,1.24,2/200,9,0.15,16,7.1,2.7,4.5,38.8%,1.65,678,2820,8.082,19.00,47.99,261.10
Visibility Graph,Event (ours) @ 20 ms,133/200,187/200,63/187,70/187,54/187,0.03,0.54,0.57,1/200,22,0.53,10,23.2,8.5,11.7,33.5%,1.15,341,3120,5.768,17.30,43.24,423.99
Visibility Graph,Full-path @ 20 ms,114/200,162/200,55/162,59/162,48/162,0.03,0.54,0.57,2/200,51,0.56,11,46.2,11.4,16.9,26.9%,1.63,205,2980,9.082,21.01,43.63,994.87
Visibility Graph,Event (ours) @ 100 ms,82/200,196/200,50/196,32/196,114/196,0.38,0.90,1.28,0/200,4,0.17,18,8.3,3.4,2.1,20.5%,1.04,658,3400,6.249,16.39,39.37,227.11
Visibility Graph,Full-path @ 100 ms,75/200,180/200,47/180,28/180,105/180,0.32,1.07,1.39,2/200,25,0.17,18,14.0,4.1,4.6,24.7%,1.67,509,4600,10.299,21.63,49.64,253.73
