scenario,planner,replan_policy,backend,physics_validation_passes,runs,scenario_count,completed_runs,completion_rate,failed_plans,collision_episodes,collision_free_rate,planner_calls_mean,replans_mean,replan_failures,planning_time_ms_median,planning_time_ms_p95,planning_time_ms_mean,call_time_ms_median,call_time_ms_max,time_to_goal_ms_mean,simulated_duration_ms_mean,wall_time_ms_mean,realtime_factor_mean,planned_path_length_mm_mean,travelled_distance_mm_mean,mean_final_error_mm,minimum_clearance_mm
22.11.24.08.2026,voronoi,once,kinematic,0,1,1,1,1.0,0,0,1.0,3.0,0.0,0,17.263834000004863,17.263834000004863,17.263834000004863,5.754611333334954,8.029009999972914,5019.999999999981,5019.999999999981,22.063065999986975,227.5295736323748,12878.180226426794,12033.337139118448,59.49473732355597,97.94324804543578
22.11.24.08.2026,voronoi,cycle,kinematic,0,1,1,1,1.0,0,1,0.0,370.0,59.0,0,298.2608780009741,298.2608780009741,298.2608780009741,0.8061104810837139,7.185241999991376,2299.999999999997,2299.999999999997,310.45006500005456,7.408598867581466,12878.180226426794,8190.277608364213,59.077591988479554,-1.073349719274347
22.11.24.08.2026,voronoi,event,kinematic,0,1,1,1,1.0,0,0,1.0,375.0,2.0,0,34.125565999715946,34.125565999715946,34.125565999715946,0.09100150933257585,4.622498000003361,2333.33333333333,2333.33333333333,45.692912999925284,51.06554124349974,12878.180226426794,8308.260061376352,59.062990222362224,2.415255589259999
22.11.24.08.2026,prm,once,kinematic,0,1,1,1,1.0,0,1,0.0,3.0,0.0,0,28.644273000054454,28.644273000054454,28.644273000054454,9.548091000018152,14.987025000095855,3140.0000000000023,3140.0000000000023,31.51615000001584,99.63145879171232,11717.760041041183,11142.973878937613,58.62599909399646,-56.192951325806206
22.11.24.08.2026,prm,cycle,kinematic,0,1,1,1,1.0,0,0,1.0,400.0,105.0,8,727.4616649991685,727.4616649991685,727.4616649991685,1.8186541624979213,11.422667999909208,2466.666666666663,2466.666666666663,742.8341239999554,3.3206157161767798,11717.760041041183,9574.007521456722,58.547979789408146,1.139371793012117
22.11.24.08.2026,prm,event,kinematic,0,1,1,1,1.0,0,0,1.0,480.0,2.0,0,41.921583999851464,41.921583999851464,41.921583999851464,0.08733663333302388,6.9896700000526835,3483.3333333333258,3483.3333333333258,57.05246000002262,61.05491916267843,11717.760041041183,10684.078064780235,58.54916259159706,3.2735559762104174
22.11.24.08.2026,visibility,once,kinematic,0,1,1,1,1.0,0,4,0.0,3.0,0.0,0,34.58609000006163,34.58609000006163,34.58609000006163,11.52869666668721,12.038501999995788,3780.0000000000027,3780.0000000000027,38.14314999999624,99.10036271258078,7326.983218079929,7122.124084455163,58.58848050454113,-18.849065154575925
22.11.24.08.2026,visibility,cycle,kinematic,0,1,1,1,1.0,0,5,0.0,574.0,278.0,45,3076.671860000147,3076.671860000147,3076.671860000147,5.360055505226737,13.130182999930184,3799.9999999999914,3799.9999999999914,3100.1679239999476,1.2257400544603712,7326.983218079929,7243.049143615837,59.11626722970343,-36.03397531216211
22.11.24.08.2026,visibility,event,kinematic,0,1,1,1,1.0,0,3,0.0,549.0,38.0,26,454.07775799947103,454.07775799947103,454.07775799947103,0.8270997413469418,12.02022399991165,3799.9999999999914,3799.9999999999914,471.34061000008387,8.06211032823867,7326.983218079929,7130.855831763733,58.50292129608679,-19.047689556640023
22.11.24.08.2026~perturbed,voronoi,once,kinematic,0,20,20,19,0.95,1,7,0.75,3.0,0.0,0,13.76421599997002,14.529282000012245,13.805010900017578,4.588071999990007,5.08611700001893,5157.894736842083,5170.999999999977,18.431872649983916,280.4076656350906,11607.036766486486,10873.246147719723,93.8308021900122,-114.27962275191547
22.11.24.08.2026~perturbed,voronoi,cycle,kinematic,0,20,20,15,0.75,1,425,0.9,745.85,389.6,10,513.7834975000146,8482.911078000143,1683.3115591494104,1.2228806300361188,11.78328599996803,2881.1111111111054,8283.333333333328,1715.8225188499957,8.17403780136489,11607.036766486486,10326.01219023643,181.64743381248613,-2.686527105489205
22.11.24.08.2026~perturbed,voronoi,event,kinematic,0,20,20,18,0.9,1,426,0.95,502.4,23.8,9,40.22166300029539,106.98444599950108,44.738910249941455,0.0883585072198865,7.860497000024225,2883.333333333328,4209.9999999999945,62.04924154999958,59.54517013267527,11607.036766486486,8629.09846334154,94.43507816905134,-2.686114832615033
22.11.24.08.2026~perturbed,prm,once,kinematic,0,20,20,16,0.8,4,5,0.75,3.0,0.0,0,19.03089750004483,34.209797000016806,19.067626799989057,6.343632500014944,19.920635000062248,4137.499999999995,4100.999999999997,22.761607900008585,185.8096877154616,11367.15029164275,10747.556746833734,205.17294887406865,-122.70975134408494
22.11.24.08.2026~perturbed,prm,cycle,kinematic,0,20,20,16,0.8,4,2,0.9,363.8,76.0,124,502.52358650078577,927.1509159996185,539.7891446002802,1.3775509624037707,18.80200599998716,2568.749999999996,2549.999999999996,554.0463951000106,5.326112336364781,11367.15029164275,8348.292732844393,205.39085614081873,-62.84177412465375
22.11.24.08.2026~perturbed,prm,event,kinematic,0,20,20,16,0.8,4,4,0.8,386.35,3.2,342,43.91761049919296,78.6028309989888,46.8700122497296,0.10991301734695061,14.885185000025558,2762.499999999995,2734.166666666662,58.87576850001892,50.83002603631255,11367.15029164275,8631.292147527443,205.2786319506892,-158.0408175646608
22.11.24.08.2026~perturbed,visibility,once,kinematic,0,20,20,16,0.8,4,76,0.0,3.0,0.0,0,33.47661649985412,36.95804499989208,31.634771999995337,11.158872166618039,15.019047999999202,3562.500000000002,3465.0000000000023,34.83244175000664,100.7654021371917,6851.821937220906,6655.314776492698,205.26662037836985,-123.60939864481415
22.11.24.08.2026~perturbed,visibility,cycle,kinematic,0,20,20,16,0.8,4,58,0.0,480.3,184.7,913,2115.484701499554,3278.3962320016826,2062.582122750001,3.987872861826397,34.87961199994061,3559.3749999999923,3463.333333333326,2081.429542349997,1.8241275905217222,6851.821937220906,6702.353871221492,205.54741470758626,-166.292272349186
22.11.24.08.2026~perturbed,visibility,event,kinematic,0,20,20,16,0.8,4,54,0.0,489.8,39.5,879,393.43161750042555,985.4297480001151,469.50825145021327,0.8807696629474373,30.563068999981624,3599.9999999999923,3495.8333333333258,485.31632649999773,8.293648546805354,6851.821937220906,6718.8540243224925,205.45852347455016,-120.59048209776128
crowded,voronoi,once,kinematic,0,1,1,1,1.0,0,1,0.0,3.0,0.0,0,14.538007000055586,14.538007000055586,14.538007000055586,4.846002333351862,4.932592000045588,9979.999999999876,9979.999999999876,23.15735299998778,430.96462708864624,22854.683707277938,21713.968751648077,58.559378754345495,-68.28004262027912
crowded,voronoi,cycle,kinematic,0,1,1,1,1.0,0,0,1.0,558.0,253.0,2,1272.582696999848,1272.582696999848,1272.582696999848,2.2806141523294765,10.76965000004293,3533.3333333333258,3533.3333333333258,1294.1070660000378,2.730325354187675,22854.683707277938,12816.421613201037,58.63586496019844,1.3711680940215558
crowded,voronoi,event,kinematic,0,1,1,1,1.0,0,0,1.0,869.0,1.0,0,47.62690900088273,47.62690900088273,47.62690900088273,0.054806569621268966,4.89735999997265,7233.333333333313,7233.333333333313,78.1129399999827,92.60096129187961,22854.683707277938,15997.304705966224,59.35055152979216,0.21560021166931165
crowded,prm,once,kinematic,0,1,1,1,1.0,0,1,0.0,3.0,0.0,0,21.500901999957023,21.500901999957023,21.500901999957023,7.166967333319008,7.416769999963435,4020.0000000000023,4020.0000000000023,25.099103999991712,160.16507999653413,11572.025797384194,10707.244565540983,58.17190314546332,-77.87559992016375
crowded,prm,cycle,kinematic,0,1,1,1,1.0,0,1,0.0,492.0,117.0,127,928.2583029992111,928.2583029992111,928.2583029992111,1.8867038678845753,13.871343000005254,3199.9999999999936,3199.9999999999936,949.7809309999639,3.3691979861407804,11572.025797384194,9315.625190579816,59.042311574605925,-146.4457630709677
crowded,prm,event,kinematic,0,1,1,1,1.0,0,0,1.0,592.0,2.0,0,48.72554800033413,48.72554800033413,48.72554800033413,0.08230666891948332,7.408600000076149,3449.9999999999927,3449.9999999999927,65.84318599993821,52.39722148322577,11572.025797384194,10301.17920758282,59.126888786732536,1.0375197860678895
crowded,visibility,once,kinematic,0,1,1,1,1.0,0,5,0.0,3.0,0.0,0,21.747504000018125,21.747504000018125,21.747504000018125,7.2491680000060414,8.113469000022633,3860.000000000003,3860.000000000003,25.278401000036865,152.6995319045051,5743.219306469773,5280.735605845488,59.00240487780443,-61.71843201044736
crowded,visibility,cycle,kinematic,0,1,1,1,1.0,0,4,0.0,586.0,262.0,166,1777.783137998881,1777.783137998881,1777.783137998881,3.0337596211585,14.968225999950846,3899.999999999991,3899.999999999991,1799.3277540000463,2.167476153985835,5743.219306469773,5290.742579978614,58.7660369065567,-58.33154602111412
crowded,visibility,event,kinematic,0,1,1,1,1.0,0,5,0.0,654.0,57.0,135,427.9766909992304,427.9766909992304,427.9766909992304,0.6543986100905664,11.209539999981644,3899.999999999991,3899.999999999991,448.45024899996133,8.696616868196514,5743.219306469773,5356.468187189867,58.87909972771442,-58.33154602111412
crowded~perturbed,voronoi,once,kinematic,0,20,20,18,0.9,2,15,0.45,3.0,0.0,0,14.395389999947383,14.857684000048721,14.419188650015258,4.798463333315794,5.099094000001969,9376.666666666555,9241.999999999893,22.5645087000089,406.40157106696245,22687.644296904164,21558.823626679456,90.35258335871569,-145.64863865378084
crowded~perturbed,voronoi,cycle,kinematic,0,20,20,16,0.8,2,398,0.8,652.35,319.6,49,1043.3173574997454,9161.362312998222,1477.3343568499683,2.0735096240995974,20.877307999967343,3392.708333333326,5955.833333333327,1503.7562105500172,4.193251679566416,22687.644296904164,12494.52769954034,128.68864471599647,-3.1876774167123756
crowded~perturbed,voronoi,event,kinematic,0,20,20,16,0.8,2,0,1.0,988.8,47.7,15,54.85114799779467,3133.0922279989863,276.72999430027403,0.06418209392221819,9.414515999992545,6891.666666666661,9038.333333333327,311.7389861000049,76.75064792082006,22687.644296904164,16880.79489082373,92.80031556699409,0.05489793907375429
crowded~perturbed,prm,once,kinematic,0,20,20,15,0.75,5,32,0.1,3.0,0.0,0,21.272606500076563,26.232174000028863,20.0366031499982,7.090868833358854,12.179111000023113,4179.999999999997,4152.999999999998,23.801101449987527,178.15199103699965,10679.526705567852,9842.543224512143,147.20978698309983,-168.2500662424487
crowded~perturbed,prm,cycle,kinematic,0,20,20,15,0.75,5,1,0.95,389.55,155.15,549,1124.0611735009907,2078.2256499998084,1184.5460887502554,2.9739302863279886,36.040829000057784,3051.111111111105,2972.499999999994,1200.7909055500022,2.5909767466322164,10679.526705567852,7596.912252214793,147.49889730621607,-148.13548380958184
crowded~perturbed,prm,event,kinematic,0,20,20,15,0.75,5,0,1.0,557.65,4.05,52,57.310746499240395,95.8342370003038,60.906742649683565,0.1119830241257578,14.03101300002163,4007.7777777777683,3965.833333333324,78.2601798499968,56.78053254867884,10679.526705567852,9308.999090823276,147.35541847487772,0.06864008647394826
crowded~perturbed,visibility,once,kinematic,0,20,20,15,0.75,5,112,0.0,3.0,0.0,0,20.810228999891933,36.06605999993917,20.432267049994834,6.936742999963977,28.297393999991982,3716.0000000000023,3687.0000000000023,23.83817274999842,160.4996910209357,4789.4571763679,4410.708524120499,147.24551831161614,-173.9718607930069
crowded~perturbed,visibility,cycle,kinematic,0,20,20,15,0.75,5,102,0.0,534.7,237.9,3341,1688.8516730007268,2422.47947700082,1661.398357950145,3.1093922822378444,19.727650000049834,3712.222222222214,3674.1666666666583,1681.7821413999923,2.263898577359226,4789.4571763679,4582.745463027183,147.40304596316201,-172.20927277353582
crowded~perturbed,visibility,event,kinematic,0,20,20,15,0.75,5,98,0.0,581.25,50.95,3164,351.6261114999679,624.6287579988348,381.7983419497182,0.6398102768476325,13.145022000003337,4035.5555555555466,3962.4999999999914,400.55561670000657,10.945821526607542,4789.4571763679,4681.165485763586,147.50470710051542,-157.0360970453352
snapshot_1787566435,voronoi,once,kinematic,0,1,1,1,1.0,0,0,1.0,3.0,0.0,0,13.440672000001541,13.440672000001541,13.440672000001541,4.480224000000514,4.559146000019609,5979.999999999961,5979.999999999961,18.76467199997478,318.68396100971006,14135.051375600542,13344.563131450486,58.1445406143314,114.65139913895848
snapshot_1787566435,voronoi,cycle,kinematic,0,1,1,1,1.0,0,0,1.0,366.0,53.0,0,260.8966299998201,260.8966299998201,260.8966299998201,0.7128323224038801,8.942559000047368,2283.3333333333303,2283.3333333333303,272.70704600005047,8.372843191345,14135.051375600542,8099.158183936807,58.862026339072116,8.387805821580287
snapshot_1787566435,voronoi,event,kinematic,0,1,1,1,1.0,0,0,1.0,428.0,0.0,0,26.716606001059517,26.716606001059517,26.716606001059517,0.062421976637989526,4.509882000093057,2683.3333333333285,2683.3333333333285,39.694465999900785,67.59968337500838,14135.051375600542,9182.978664993174,59.12295921233277,1.9783441292636041
snapshot_1787566435,prm,once,kinematic,0,1,1,1,1.0,0,0,1.0,3.0,0.0,0,19.584758999940277,19.584758999940277,19.584758999940277,6.528252999980093,6.703044999994745,3520.0000000000027,3520.0000000000027,22.826497999972162,154.206746913359,11164.864366004127,10460.874719914777,58.68439083011279,15.17613183107261
snapshot_1787566435,prm,cycle,kinematic,0,1,1,1,1.0,0,0,1.0,374.0,83.0,10,591.4506790004452,591.4506790004452,591.4506790004452,1.581418927808677,7.071992999954091,2466.666666666663,2466.666666666663,606.0220139999046,4.070259181487508,11164.864366004127,8274.935337140094,58.620616001573644,2.8744813368030293
snapshot_1787566435,prm,event,kinematic,0,1,1,1,1.0,0,0,1.0,430.0,4.0,0,55.69710799909444,55.69710799909444,55.69710799909444,0.12952815813742893,7.006571000033546,2549.999999999996,2549.999999999996,68.54293499998221,37.202958992063266,11164.864366004127,9898.644705962084,59.12796935894057,2.8744813368030293
snapshot_1787566435,visibility,once,kinematic,0,1,1,1,1.0,0,3,0.0,3.0,0.0,0,35.443795999981376,35.443795999981376,35.443795999981376,11.814598666660459,14.748030999953698,3420.0000000000027,3420.0000000000027,38.61171500000182,88.57415424307989,7313.070734352056,7117.808209382201,58.4536958529871,-16.808778806619358
snapshot_1787566435,visibility,cycle,kinematic,0,1,1,1,1.0,0,4,0.0,549.0,309.0,23,2989.094312000816,2989.094312000816,2989.094312000816,5.44461623315267,13.869372999920415,3499.9999999999923,3499.9999999999923,3011.5834590000077,1.162179314519865,7313.070734352056,7239.7551338365665,59.08126200584604,-36.03397531216211
snapshot_1787566435,visibility,event,kinematic,0,1,1,1,1.0,0,1,0.0,519.0,38.0,2,402.5910599998497,402.5910599998497,402.5910599998497,0.7757053179187855,10.35003999993478,3299.999999999993,3299.999999999993,418.6992290000262,7.881552607300804,7313.070734352056,7130.123261753748,58.45407626467851,-5.335646430264006
snapshot_1787566435~perturbed,voronoi,once,kinematic,0,20,20,20,1.0,0,5,0.75,3.0,0.0,0,13.661316500019893,15.102149000085774,13.547238550006568,4.553772166673298,5.2391329999181835,5112.999999999979,5112.999999999979,18.23500484999272,281.6459543670125,13226.595981125905,12480.248580246867,58.96335302690123,-79.86201434435607
snapshot_1787566435~perturbed,voronoi,cycle,kinematic,0,20,20,20,1.0,0,1,0.95,385.2,78.35,18,369.78284949958606,588.2150279998086,380.37205509978094,0.9828006835514251,8.312565999972321,2385.83333333333,2385.83333333333,393.3735785000181,6.768925607018431,13226.595981125905,8718.631544496568,58.83007665480311,-0.606538267922133
snapshot_1787566435~perturbed,voronoi,event,kinematic,0,20,20,20,1.0,0,1,0.95,440.55,2.45,0,30.341280499953882,77.52830199910932,37.96363804976295,0.0660508947951336,5.110467999998036,3140.833333333327,3140.833333333327,52.022906899975396,63.99348458388788,13226.595981125905,9020.849975565257,59.06303057978348,-13.508126189714147
snapshot_1787566435~perturbed,prm,once,kinematic,0,20,20,20,1.0,0,11,0.55,3.0,0.0,0,19.821759500018743,22.845405999987634,19.779974350012708,6.607253166672914,8.56020800006263,3510.0000000000027,3510.0000000000027,23.058304999989332,152.83095302932784,10769.258912033323,10125.731724976846,58.687734936647395,-130.08201727388357
snapshot_1787566435~perturbed,prm,cycle,kinematic,0,20,20,20,1.0,0,2,0.9,408.5,109.2,140,761.1155815004054,1325.1808159996017,781.5498783501994,1.8250677617986524,23.208597000007103,2704.9999999999955,2704.9999999999955,797.9660552499865,3.621254177050493,10769.258912033323,8929.49983069118,59.03686996339097,-8.920960874247811
snapshot_1787566435~perturbed,prm,event,kinematic,0,20,20,20,1.0,0,2,0.9,430.85,4.3,80,47.78794349999771,136.09186700250575,57.64479420044495,0.10647466560138459,10.62108899998293,2981.666666666661,2981.666666666661,71.19175899999846,46.29192972897914,10769.258912033323,8999.518257569918,59.05197058199633,-8.920960874247811
snapshot_1787566435~perturbed,visibility,once,kinematic,0,20,20,20,1.0,0,72,0.0,3.0,0.0,0,29.887953499951436,32.3165519999975,29.654464049991702,9.962651166650478,10.852587000044878,3439.0000000000027,3439.0000000000027,32.971076949996814,105.21008933284307,7401.17012157842,7192.999733543898,58.693823147792365,-171.43887504257947
snapshot_1787566435~perturbed,visibility,cycle,kinematic,0,20,20,20,1.0,0,59,0.0,517.0,254.05,763,2494.1608484998596,2925.0093130010555,2471.1459006500777,4.822174068453203,34.070348000000195,3445.833333333326,3445.833333333326,2492.0767568999963,1.4145060874900535,7401.17012157842,7277.148810466754,58.934498908880734,-128.6953202984044
snapshot_1787566435~perturbed,visibility,event,kinematic,0,20,20,20,1.0,0,54,0.0,516.45,39.4,729,396.44800199999963,883.9591790009536,415.7729813497099,0.7667495737435664,17.171673000007104,3412.4999999999927,3412.4999999999927,432.31265100000655,10.88060783577383,7401.17012157842,7213.431142220688,59.007966874946646,-149.16189693080858
random,voronoi,once,kinematic,0,200,200,199,0.995,1,82,0.675,3.0,0.0,0,4.015410500073813,8.54542800004765,3.4137920049954573,1.338470166691271,12.192891000040618,4481.507537688418,4470.199999999976,8.970266684998478,597.1598386945731,13326.580524011995,13005.163444065736,69.19651347675482,-172.53499951765565
random,voronoi,cycle,kinematic,0,200,200,199,0.995,1,50,0.89,412.975,36.465,85,86.22992049902223,512.7191759992229,149.93718737005509,0.21641658867131341,16.511910999952306,2722.6130653266287,2720.0833333333285,166.35972827000103,35.94941915298367,13326.580524011995,12349.879832144159,69.42598730036951,-173.61265080046752
random,voronoi,event,kinematic,0,200,200,199,0.995,1,24,0.89,430.17,2.485,36,19.879541999500816,45.08615300233032,22.54308808014173,0.047350858621815255,15.190413000027547,2946.8174204355055,2943.166666666661,39.04819976000283,78.15244925943365,13326.580524011995,12428.103267081138,69.43472001680401,-173.61265080046752
random,prm,once,kinematic,0,200,200,195,0.975,5,95,0.625,3.0,0.0,0,6.400082999959977,13.80022699993333,5.217403175001323,2.1333609999866594,15.019050999967476,3396.717948717945,3389.0999999999967,9.402535769996234,518.3890541232172,12601.626096269456,12363.807139263623,98.7299118543407,-174.698548945373
random,prm,cycle,kinematic,0,200,200,195,0.975,5,21,0.895,404.1,31.865,789,166.01913549936853,881.5938140006665,254.7448791249917,0.4073493952618149,19.25074299992957,2649.5726495726453,2641.583333333329,272.86180034500205,17.374494360674806,12601.626096269456,12140.893422483436,98.96275180217725,-173.61265080046752
random,prm,event,kinematic,0,200,200,195,0.975,5,23,0.89,412.695,1.505,508,19.301306000556906,54.036943999562936,21.878338284935808,0.04719567278448826,11.892944000010175,2766.410256410252,2755.4999999999955,37.21932531499817,83.10158633698269,12601.626096269456,12246.796405318624,98.89854673026997,-173.61265080046752
random,visibility,once,kinematic,0,200,200,195,0.975,5,104,0.61,3.0,0.0,0,9.27157849997684,20.447517999855336,7.607402045003937,3.0905261666589467,22.84408100001656,2937.025641025642,2929.200000000001,11.261670630003664,468.02344619730275,11985.235821768003,11807.888882285468,98.7216952416215,-172.53499951765565
random,visibility,cycle,kinematic,0,200,200,195,0.975,5,78,0.71,415.335,52.545,1253,311.2024090003729,1649.000697000588,518.5268228500263,0.7614251715194476,44.61461500000041,2784.188034188029,2775.3333333333285,536.5207591900003,19.932011458724194,11985.235821768003,11816.196326676625,98.96591643523729,-173.61265080046752
random,visibility,event,kinematic,0,200,200,195,0.975,5,79,0.695,419.59,7.125,1207,45.118421000154285,276.1184880005203,82.56459412499851,0.10702342040071111,33.87809900004868,2845.1282051281996,2834.7499999999945,98.35179565999967,56.326866738029274,11985.235821768003,11818.17883824862,98.97591491325032,-173.61265080046752
