scenario_set,planner,replan_policy,replan_period_ms,prediction_horizon_ms,planning_clearance_mm,backend,scenarios,runs,invalid_runs,valid_runs,completed,strict,buffer_only,physical,incomplete,completed_label,strict_label,buffer_only_label,physical_label,incomplete_label,completion_rate,strict_rate,buffer_only_rate,physical_rate,safety_compromised_rate,incomplete_rate,rr_contacts_per_failed_run,ro_contacts_per_failed_run,contacts_per_failed_run,contacts_per_physical_run,contacts_in_incomplete_runs,ro_contacts_obstacle_initiated_share,episodes_failed_no_route,robots_stopped_time_limit,initial_retries_per_run,initial_wait_ms_per_run,initial_wait_ms_max,replans_per_run,failed_replans_per_run,blocked_time_pct_mean,routes_per_run,route_lifetime_ms_mean,route_lifetime_ms_max,successful_rebuilds,failed_replan_share,replan_ms_min,replan_ms_mean,replan_ms_p95,replan_ms_max,event_check_ms_mean,initial_plan_ms_mean,initial_search_ms_mean,initial_map_ms_mean,time_to_goal_ms_mean
acra2026-200,voronoi,cycle,20.0,0.0,0.0,kinematic,200,200,0,200,189,44,53,92,11,189/200,44/189,53/189,92/189,11/200,0.945,0.2328042328042328,0.2804232804232804,0.48677248677248675,0.7671957671957672,0.055,0.30344827586206896,1.013793103448276,1.3172413793103448,2.0760869565217392,423,0.7961783439490446,0,17,0.02,0.4,20.0,88.18,2.465,0.2621656448895376,104.95,135.08909004287764,2820.0000000000023,17636,0.02719399856583375,0.0236999912885949,6.825025623640126,12.78259999526199,556.4621000085026,0.062667536863111,2.0777445833785655,0.0332499999179466,2.0444945834606187,3136.5079365079373
acra2026-200,voronoi,event,20.0,0.0,0.0,kinematic,200,200,0,200,198,46,49,103,2,198/200,46/198,49/198,103/198,2/200,0.99,0.23232323232323232,0.2474747474747475,0.5202020202020202,0.7676767676767676,0.01,0.21052631578947367,0.8092105263157895,1.019736842105263,1.5048543689320388,1,0.8145161290322581,0,2,0.02,0.4,20.0,10.84,1.47,0.1438284887868443,24.42,605.1228501228504,4239.999999999997,2168,0.11941510966693746,0.027799993404187262,5.166772970493668,12.245300007634796,107.35949999070726,0.06354013852454383,1.948059583507226,0.03310466663000019,1.9149549168772257,3431.919191919191
acra2026-200,voronoi,cycle,100.0,0.0,0.0,kinematic,200,200,0,200,199,53,31,115,1,199/200,53/199,31/199,115/199,1/200,0.995,0.2663316582914573,0.15577889447236182,0.5778894472361809,0.7336683417085427,0.005,0.5342465753424658,0.9246575342465754,1.4589041095890412,1.8521739130434782,0,0.6148148148148148,0,1,0.02,2.0,100.0,16.895,0.535,0.28545873166837077,28.815,497.27572444907184,2920.0000000000014,3379,0.030694205393000575,0.0261999957729131,6.453394199483345,12.178200006019324,108.29150000063237,0.06273322554773618,2.0710124168302477,0.03272574998845812,2.0382866668417896,3150.653266331659
acra2026-200,voronoi,event,100.0,0.0,0.0,kinematic,200,200,0,200,199,49,24,126,1,199/200,49/199,24/199,126/199,1/200,0.995,0.24623115577889448,0.12060301507537688,0.6331658291457286,0.7537688442211056,0.005,0.56,1.0533333333333332,1.6133333333333333,1.9206349206349207,0,0.6518987341772152,0,1,0.02,2.0,100.0,6.11,0.385,0.18642243771997766,17.805,837.8826172423477,4299.999999999995,1222,0.059276366435719784,0.028800001018680632,5.728547790690032,12.313600003835745,470.87229999306146,0.06429363287345888,2.1089104165973063,0.031684250134276226,2.07722616646303,3527.638190954771
acra2026-200,prm,cycle,20.0,0.0,30.0,kinematic,200,200,0,200,175,81,33,61,25,175/200,81/175,33/175,61/175,25/200,0.875,0.46285714285714286,0.18857142857142858,0.3485714285714286,0.5371428571428571,0.125,0.23404255319148937,0.6170212765957447,0.851063829787234,1.3114754098360655,17,0.9117647058823529,7,27,0.46,9.2,160.0,70.375,22.59,2.692742800017574,83.075,162.2112548901596,3100.0000000000023,14075,0.24299467541547895,4.343699998571537,15.893823104768083,28.961200005142018,1419.8613000044134,0.359314738282351,5.6922135830973275,0.03732200008622991,5.654891583011097,2973.485714285716
acra2026-200,prm,event,20.0,0.0,30.0,kinematic,200,200,0,200,186,83,28,75,14,186/200,83/186,28/186,75/186,14/200,0.93,0.44623655913978494,0.15053763440860216,0.4032258064516129,0.553763440860215,0.07,0.1941747572815534,0.8543689320388349,1.0485436893203883,1.44,16,0.9361702127659575,8,10,0.455,9.1,140.0,7.395,18.515,2.196736662585313,20.23,703.9990113692539,4219.999999999994,1479,0.7145889617908143,4.705300001660362,16.67671541570739,29.212399997049943,233.1294000032358,0.034779207995830175,5.269929750017279,0.058379333325622916,5.211550416691655,3359.4623655913974
acra2026-200,prm,cycle,100.0,0.0,30.0,kinematic,200,200,0,200,188,65,21,102,12,188/200,65/188,21/188,102/188,12/200,0.94,0.34574468085106386,0.11170212765957446,0.5425531914893617,0.6542553191489362,0.06,0.5934959349593496,0.7073170731707317,1.3008130081300813,1.5686274509803921,11,0.717391304347826,7,8,0.155,15.5,199.99999999999997,13.64,5.425,3.256879775288691,24.43,560.4830126893166,2920.0000000000014,2728,0.2845528455284553,4.310999996960163,15.776853005906327,29.649400006746873,456.175200000871,0.33448776060379015,5.152423750017381,0.038313249909454804,5.114110500107927,3007.127659574469
acra2026-200,prm,event,100.0,0.0,30.0,kinematic,200,200,0,200,190,63,17,110,10,190/200,63/190,17/190,110/190,10/200,0.95,0.33157894736842103,0.08947368421052632,0.5789473684210527,0.6684210526315789,0.05,0.5984251968503937,0.8346456692913385,1.4330708661417322,1.6545454545454545,10,0.7,7,5,0.155,15.5,199.99999999999997,4.415,5.03,2.9062148046142284,15.235,925.251066622908,4219.999999999993,883,0.532556908417152,4.409700006362982,16.6116617216394,29.357699997490272,275.28909999819007,0.03439651360575259,4.846107999849967,0.04284074996879402,4.8032672498811735,3263.78947368421
acra2026-200,visibility,cycle,20.0,0.0,30.0,kinematic,200,200,0,200,165,58,14,93,35,165/200,58/165,14/165,93/165,35/200,0.825,0.3515151515151515,0.08484848484848485,0.5636363636363636,0.6484848484848484,0.175,0.2523364485981308,1.158878504672897,1.411214953271028,1.6236559139784945,31,0.8231292517006803,8,52,0.52,10.4,140.0,94.575,29.305,3.2623919087357196,104.735,129.11443166085843,2980.0000000000023,18915,0.23655957378107847,5.245399996056221,17.061720925176072,26.695100008510053,1879.340300001786,0.13162843660686263,6.1057066668217885,0.21796758331523355,5.887739083506555,3208.969696969696
acra2026-200,visibility,event,20.0,0.0,30.0,kinematic,200,200,0,200,180,63,15,102,20,180/200,63/180,15/180,102/180,20/200,0.9,0.35,0.08333333333333333,0.5666666666666667,0.65,0.1,0.23076923076923078,1.1794871794871795,1.4102564102564104,1.6176470588235294,23,0.8451612903225807,4,27,0.525,10.5,140.0,20.795,26.425,2.73120774642818,31.23,451.0022414345182,3259.9999999999995,4159,0.5596145700974163,5.762099986895919,18.703082664076454,34.060799996950664,272.270400004345,0.03450792979671051,6.295893916588587,0.21013516685343347,6.085758749735153,3374.333333333331
acra2026-200,visibility,cycle,100.0,0.0,30.0,kinematic,200,200,0,200,185,48,19,118,15,185/200,48/185,19/185,118/185,15/200,0.925,0.2594594594594595,0.10270270270270271,0.6378378378378379,0.7405405405405405,0.075,0.3795620437956204,1.145985401459854,1.5255474452554745,1.771186440677966,19,0.8214285714285714,4,21,0.175,17.5,199.99999999999997,18.49,6.24,3.3590395201339156,28.335,490.887594847362,2980.0000000000014,3698,0.2523251112009705,4.998400007025339,18.156962655439816,30.245100002503023,610.3421000007074,0.13033904049043016,5.958754583565072,0.20690358334832126,5.75185100021675,3216.5405405405395
acra2026-200,visibility,event,100.0,0.0,30.0,kinematic,200,200,0,200,188,49,12,127,12,188/200,49/188,12/188,127/188,12/200,0.94,0.26063829787234044,0.06382978723404255,0.675531914893617,0.7393617021276596,0.06,0.41007194244604317,1.1079136690647482,1.5179856115107915,1.6614173228346456,25,0.75,4,8,0.175,17.5,199.99999999999997,8.06,5.765,3.000378040849084,18.015,786.9997224535111,3400.000000000002,1612,0.41699819168173596,5.434799997601658,18.962409243193598,32.696199996280484,187.8834000090137,0.03697435112893915,6.0647602496707504,0.18647049999951074,5.878289749671239,3258.8297872340418
