scenario_set,planner,replan_policy,replan_period_ms,prediction_horizon_ms,planning_clearance_mm,backend,scenarios,runs,invalid_runs,valid_runs,completed,strict,buffer_only,physical,incomplete,completed_label,strict_label,buffer_only_label,physical_label,incomplete_label,collision_free_completed,collision_free_completed_label,collision_free_completion_rate,completion_rate,strict_rate,buffer_only_rate,physical_rate,safety_compromised_rate,incomplete_rate,rr_contacts_per_failed_run,ro_contacts_per_failed_run,contacts_per_failed_run,contacts_per_physical_run,contacts_in_incomplete_runs,ro_contacts_obstacle_initiated_share,episodes_failed_no_route,robots_stopped_time_limit,initial_retries_per_run,initial_wait_ms_per_run,initial_wait_ms_max,replans_per_run,failed_replans_per_run,blocked_time_pct_mean,routes_per_run,route_lifetime_ms_mean,route_lifetime_ms_max,successful_rebuilds,escapes_per_run,failed_replan_share,replan_ms_min,replan_ms_mean,replan_ms_p95,replan_ms_max,event_check_ms_mean,initial_plan_ms_mean,initial_search_ms_mean,initial_map_ms_mean,time_to_goal_ms_mean
acra2026-200,voronoi,cycle,20.0,0.0,0.0,kinematic,200,200,0,200,200,46,56,98,0,200/200,46/200,56/200,98/200,0/200,102,102/200,0.51,1.0,0.23,0.28,0.49,0.77,0.0,0.3116883116883117,0.9805194805194806,1.2922077922077921,2.0306122448979593,0,0.7880794701986755,0,0,0.02,0.4,20.0,81.15,2.52,0.2669692444009916,101.745,139.83782986878973,2820.0000000000023,16230,5.755,0.030118321979204016,2.3615000027348287,7.891541719030707,10.341400000470458,21.708300002501346,0.06008487008212862,2.198045333225309,0.03600883336730476,2.1620364998580044,3146.9000000000005
acra2026-200,voronoi,event,20.0,0.0,0.0,kinematic,200,200,0,200,200,46,49,105,0,200/200,46/200,49/200,105/200,0/200,95,95/200,0.475,1.0,0.23,0.245,0.525,0.77,0.0,0.21428571428571427,0.8051948051948052,1.0194805194805194,1.4952380952380953,0,0.8145161290322581,0,0,0.02,0.4,20.0,7.145,1.47,0.1438284887868443,24.445,605.9030476580081,4239.999999999997,1429,3.715,0.1706326175275682,2.4984000010590535,7.855347585762837,10.289699999702862,19.902299998648232,0.06294627856555558,2.226212499930019,0.03542024996325684,2.190792249966762,3433.099999999999
acra2026-200,voronoi,cycle,100.0,0.0,0.0,kinematic,200,200,0,200,200,54,31,115,0,200/200,54/200,31/200,115/200,0/200,85,85/200,0.425,1.0,0.27,0.155,0.575,0.73,0.0,0.5342465753424658,0.9246575342465754,1.4589041095890412,1.8521739130434782,0,0.6148148148148148,0,0,0.02,2.0,100.0,15.4,0.535,0.28545873166837077,28.87,496.8583304468308,2920.0000000000014,3080,1.54,0.0335738939441481,2.410999997664476,7.9316263960374105,10.318300002836622,23.850400000810623,0.06262316525094871,2.255694750125864,0.03607941664692286,2.2196153334789415,3150.7000000000007
acra2026-200,voronoi,event,100.0,0.0,0.0,kinematic,200,200,0,200,200,50,24,126,0,200/200,50/200,24/200,126/200,0/200,74,74/200,0.37,1.0,0.25,0.12,0.63,0.75,0.0,0.56,1.0533333333333332,1.6133333333333333,1.9206349206349207,0,0.6518987341772152,0,0,0.02,2.0,100.0,4.105,0.385,0.18618524606912373,17.81,838.2930937675463,4299.999999999995,821,2.005,0.08574610244988864,2.5294000006397255,8.03150974419275,10.472499998286366,15.079099997819867,0.06671390594867922,2.2301169165863635,0.03623908334702719,2.1938778332393363,3526.9999999999973
acra2026-200,prm,cycle,20.0,0.0,30.0,kinematic,200,200,0,200,197,90,64,43,3,197/200,90/197,64/197,43/197,3/200,154,154/200,0.77,0.985,0.45685279187817257,0.3248730964467005,0.2182741116751269,0.5431472081218274,0.015,0.056074766355140186,0.42990654205607476,0.48598130841121495,1.2093023255813953,0,1.0,3,0,0.46,9.2,160.0,78.565,17.775,1.8399565518841752,98.535,143.45663977266972,2820.0000000000023,15713,6.215,0.1845028025742163,3.7331999992602505,19.927068325595105,29.79099999720347,63.30359999992652,0.39845677296819254,7.00117008333109,0.04544099998383899,6.955729083347251,3106.700507614215
acra2026-200,prm,event,20.0,0.0,30.0,kinematic,200,200,0,200,200,86,59,55,0,200/200,86/200,59/200,55/200,0/200,145,145/200,0.725,1.0,0.43,0.295,0.275,0.57,0.0,0.0,0.6052631578947368,0.6052631578947368,1.2545454545454546,0,1.0,0,0,0.455,9.1,140.0,7.74,9.875,0.9206747172056126,26.94,552.9398663697107,4219.999999999994,1548,5.44,0.5606017598637525,4.637199999706354,20.24381569768612,30.02310000010766,53.742500000225846,0.03509007831139942,6.496327916732601,0.046286250032305055,6.450041666700296,3526.8999999999983
acra2026-200,prm,cycle,100.0,0.0,30.0,kinematic,200,200,0,200,198,67,31,100,2,198/200,67/198,31/198,100/198,2/200,98,98/200,0.49,0.99,0.3383838383838384,0.15656565656565657,0.5050505050505051,0.6616161616161617,0.01,0.5038167938931297,0.6564885496183206,1.1603053435114503,1.52,0,0.7325581395348837,2,0,0.155,15.5,199.99999999999997,15.18,3.21,1.6490262328662164,29.59,484.3325447786416,2820.0000000000014,3036,2.64,0.17455138662316477,3.7544000006164424,19.835744598184718,30.097100003331434,54.33249999987311,0.40617898327356183,6.576917249952506,0.04365874996741089,6.533258499985095,3160.6060606060614
acra2026-200,prm,event,100.0,0.0,30.0,kinematic,200,200,0,200,199,65,27,107,1,199/200,65/199,27/199,107/199,1/200,92,92/200,0.46,0.995,0.32663316582914576,0.135678391959799,0.5376884422110553,0.6733668341708543,0.005,0.5149253731343284,0.8059701492537313,1.3208955223880596,1.6542056074766356,1,0.6880733944954128,1,0,0.155,15.5,199.99999999999997,4.6,2.145,1.0529225160080562,18.99,780.7846234860452,4219.999999999993,920,2.695,0.31801334321719793,4.687200002081227,19.832286304371454,30.1419999996142,55.65470000146888,0.03723154470815775,6.246994249983497,0.044043333303610176,6.202950916679886,3475.879396984922
acra2026-200,visibility,cycle,20.0,0.0,30.0,kinematic,200,200,0,200,200,64,71,65,0,200/200,64/200,71/200,65/200,0/200,135,135/200,0.675,1.0,0.32,0.355,0.325,0.68,0.0,0.058823529411764705,0.6470588235294118,0.7058823529411765,1.476923076923077,0,0.9659090909090909,0,0,0.52,10.4,140.0,119.715,18.615,1.7232013673087112,146.94,101.26037838573569,2980.0000000000023,23943,15.905,0.1345695076989807,5.633599997963756,18.859073933941737,25.67540000018198,54.442100001324434,0.13841817536227372,6.321135916696221,0.21846608333362383,6.102669833362597,3530.299999999997
acra2026-200,visibility,event,20.0,0.0,30.0,kinematic,200,200,0,200,200,64,75,61,0,200/200,64/200,75/200,61/200,0/200,139,139/200,0.695,1.0,0.32,0.375,0.305,0.68,0.0,0.029411764705882353,0.5588235294117647,0.5882352941176471,1.3114754098360655,0,0.9736842105263158,0,0,0.525,10.5,140.0,26.51,11.64,1.0905640532281695,46.855,321.0948671433145,3120.0000000000027,5302,8.9,0.3051114023591088,7.982499999343418,19.464699830299587,25.97550000064075,45.75209999893559,0.03614091962131784,6.345563333225073,0.21884683337399716,6.126716499851075,3638.6999999999957
acra2026-200,visibility,cycle,100.0,0.0,30.0,kinematic,200,200,0,200,199,51,31,117,1,199/200,51/199,31/199,117/199,1/200,82,82/200,0.41,0.995,0.2562814070351759,0.15577889447236182,0.5879396984924623,0.7437185929648241,0.005,0.3581081081081081,1.054054054054054,1.412162162162162,1.7863247863247864,0,0.8141025641025641,1,0,0.175,17.5,199.99999999999997,21.38,3.375,1.6004408595988366,36.17,409.51893834669613,2980.0000000000014,4276,3.99,0.13633609371844072,7.537499997852137,18.63609541622016,25.272899998526555,41.52829999657115,0.14175866815090782,6.411969166717124,0.22168083330749747,6.190288333409626,3488.4422110552728
acra2026-200,visibility,event,100.0,0.0,30.0,kinematic,200,200,0,200,200,50,32,118,0,200/200,50/200,32/200,118/200,0/200,82,82/200,0.41,1.0,0.25,0.16,0.59,0.75,0.0,0.37333333333333335,0.9533333333333334,1.3266666666666667,1.6864406779661016,0,0.7692307692307693,0,0,0.175,17.5,199.99999999999997,8.355,2.17,1.0453547956056128,22.59,657.9105799026119,3400.000000000002,1671,3.41,0.20617577197149645,7.595899998705136,19.08591286661425,26.018500000645872,34.08740000304533,0.03857123518158414,6.210401500062896,0.21332233333244707,5.997079166730448,3496.1999999999985
